77.311264038085938,3.1140632629394531
94.444633483886719,-1.2973959445953369
110.16482543945312,0.55533289909362793
114.59942626953125,-1.6695619821548462
115.51451873779297,-0.18986469507217407
111.38398742675781,-0.64787250757217407
114.62996673583984,1.5891140699386597
113.68972015380859,-0.79064774513244629
108.35755920410156,1.3406223058700562
115.39754486083984,-2.5275073051452637
118.14389801025391,1.1915652751922607
113.31889343261719,1.5827271938323975
111.4552001953125,3.662682056427002
109.3369140625,3.1060318946838379
110.31358337402344,1.0655403137207031
113.93366241455078,3.5077948570251465
119.52680969238281,-4.8484916687011719
115.99513244628906,-4.4698457717895508
113.6982421875,-1.7427494525909424
113.30750274658203,-1.5596990585327148
