11.508172988891602,22.567337036132812,2.9624900817871094,6.7642822265625,21.204708099365234,-0.87878799438476562,18.061588287353516,17.06550407409668,18.660148620605469
28.786870956420898,27.639381408691406,53.462974548339844,49.905525207519531,26.113702774047852,27.08116340637207,15.628208160400391,15.933259010314941,5.10626220703125
64.748321533203125,60.724826812744141,71.31170654296875,41.760337829589844,36.776248931884766,34.144508361816406,32.691921234130859,48.211578369140625,47.5457763671875
95.530357360839844,80.793373107910156,91.978691101074219,75.782867431640625,94.05462646484375,85.14947509765625,62.171005249023438,59.020225524902344,36.428768157958984
129.18339538574219,124.72035217285156,100.54894256591797,113.64308166503906,89.197212219238281,107.77432250976562,109.05758666992188,109.31427001953125,89.358116149902344
130.90969848632812,135.73826599121094,137.70628356933594,134.83364868164062,150.46153259277344,126.86341857910156,126.73732757568359,139.45588684082031,119.10163116455078
134.67787170410156,144.7918701171875,145.05921936035156,122.22721099853516,131.387451171875,153.04499816894531,138.2274169921875,122.7015380859375,143.3563232421875
133.28469848632812,129.75131225585938,133.14384460449219,136.078857421875,133.71427917480469,124.62960052490234,153.06663513183594,142.8033447265625,154.55825805664062
97.5980224609375,112.51496124267578,107.4156494140625,126.90885162353516,131.89921569824219,119.26681518554688,134.25643920898438,126.82633972167969,125.79351806640625
103.80786895751953,85.040084838867188,91.777946472167969,88.75445556640625,118.86356353759766,111.13221740722656,111.32201385498047,107.32920074462891,131.3255615234375
81.86328125,78.768836975097656,85.046852111816406,90.016548156738281,90.56927490234375,52.651309967041016,84.377113342285156,87.248161315917969,88.989715576171875
64.244560241699219,60.732337951660156,61.445411682128906,71.7227783203125,77.073593139648438,71.158622741699219,76.394287109375,71.187599182128906,70.5858154296875
41.174732208251953,52.98699951171875,45.925498962402344,42.928600311279297,61.063709259033203,60.419471740722656,39.884624481201172,52.027549743652344,76.718017578125
41.576297760009766,40.733329772949219,36.611160278320312,24.85576057434082,63.229087829589844,53.637336730957031,44.804431915283203,44.5057373046875,45.738182067871094
27.507253646850586,15.517083168029785,25.107048034667969,22.615766525268555,29.534219741821289,21.318441390991211,52.238121032714844,40.605941772460938,49.29559326171875
32.475616455078125,31.239673614501953,33.442329406738281,18.672439575195312,41.469306945800781,15.839067459106445,17.256740570068359,20.355043411254883,5.3181495666503906
23.257114410400391,8.1276359558105469,-1.7012767791748047,18.201694488525391,20.713590621948242,21.50956916809082,24.877094268798828,17.067319869995117,11.645015716552734
8.5059652328491211,5.1846356391906738,-7.6628580093383789,20.164249420166016,31.518033981323242,-0.0013523101806640625,16.435230255126953,3.8658428192138672,6.4013614654541016
6.8108024597167969,8.988133430480957,10.521334648132324,-12.106939315795898,16.090738296508789,12.109132766723633,18.879680633544922,8.339686393737793,6.0018253326416016
15.296870231628418,11.236885070800781,11.451000213623047,23.637350082397461,-3.1133365631103516,3.7134914398193359,-17.309316635131836,17.901933670043945,19.576892852783203
