11.508172988891602,22.567337036132812,2.9624900817871094,6.7642822265625,21.204708099365234,-0.8787879943847656,18.061588287353516,17.06550407409668,18.66014862060547
28.7868709564209,27.639381408691406,53.462974548339844,49.90552520751953,26.11370277404785,27.08116340637207,15.62820816040039,15.933259010314941,5.10626220703125
64.74832153320312,60.72482681274414,71.31170654296875,41.760337829589844,36.776248931884766,34.144508361816406,32.69192123413086,48.211578369140625,47.5457763671875
95.53035736083984,80.79337310791016,91.97869110107422,75.78286743164062,94.05462646484375,85.14947509765625,62.17100524902344,59.020225524902344,36.428768157958984
129.1833953857422,124.72035217285156,100.54894256591797,113.64308166503906,89.19721221923828,107.77432250976562,109.05758666992188,109.31427001953125,89.35811614990234
130.90969848632812,135.73826599121094,137.70628356933594,134.83364868164062,150.46153259277344,126.86341857910156,126.7373275756836,139.4558868408203,119.10163116455078
134.67787170410156,144.7918701171875,145.05921936035156,122.22721099853516,131.387451171875,153.0449981689453,138.2274169921875,122.7015380859375,143.3563232421875
133.28469848632812,129.75131225585938,133.1438446044922,136.078857421875,133.7142791748047,124.62960052490234,153.06663513183594,142.8033447265625,154.55825805664062
97.5980224609375,112.51496124267578,107.4156494140625,126.90885162353516,131.8992156982422,119.26681518554688,134.25643920898438,126.82633972167969,125.79351806640625
103.80786895751953,85.04008483886719,91.77794647216797,88.75445556640625,118.86356353759766,111.13221740722656,111.32201385498047,107.3292007446289,131.3255615234375
81.86328125,78.76883697509766,85.0468521118164,90.01654815673828,90.56927490234375,52.651309967041016,84.37711334228516,87.24816131591797,88.98971557617188
64.24456024169922,60.732337951660156,61.445411682128906,71.7227783203125,77.07359313964844,71.15862274169922,76.394287109375,71.1875991821289,70.5858154296875
41.17473220825195,52.98699951171875,45.925498962402344,42.9286003112793,61.0637092590332,60.419471740722656,39.88462448120117,52.027549743652344,76.718017578125
41.576297760009766,40.73332977294922,36.61116027832031,24.85576057434082,63.229087829589844,53.63733673095703,44.8044319152832,44.5057373046875,45.738182067871094
27.507253646850586,15.517083168029785,25.10704803466797,22.615766525268555,29.53421974182129,21.31844139099121,52.238121032714844,40.60594177246094,49.29559326171875
32.475616455078125,31.239673614501953,33.44232940673828,18.672439575195312,41.46930694580078,15.839067459106445,17.25674057006836,20.355043411254883,5.318149566650391
23.25711441040039,8.127635955810547,-1.7012767791748047,18.20169448852539,20.713590621948242,21.50956916809082,24.877094268798828,17.067319869995117,11.645015716552734
8.505965232849121,5.184635639190674,-7.662858009338379,20.164249420166016,31.518033981323242,-0.0013523101806640625,16.435230255126953,3.865842819213867,6.401361465454102
6.810802459716797,8.988133430480957,10.521334648132324,-12.106939315795898,16.09073829650879,12.109132766723633,18.879680633544922,8.339686393737793,6.001825332641602
15.296870231628418,11.236885070800781,11.451000213623047,23.63735008239746,-3.1133365631103516,3.713491439819336,-17.309316635131836,17.901933670043945,19.576892852783203
