scope,route,valid_cells,block,score_component_rmse
p44_d3_T10,iid_dual_cap,4,persistence_coordinate,0.08451517512567205
p44_d3_T10,iid_dual_cap,4,log_Q_scale,0.006321249969060675
p44_d3_T10,iid_dual_cap,4,log_R_scale,0.02219806735675234
p44_d3_T10,iid_dual_cap,4,initial_mean_scale,0.0017506443370108626
p44_d3_T10,previous_inverse_cdf,4,persistence_coordinate,0.005461357926270126
p44_d3_T10,previous_inverse_cdf,4,log_Q_scale,0.0008988871123679877
p44_d3_T10,previous_inverse_cdf,4,log_R_scale,0.0010327829704838845
p44_d3_T10,previous_inverse_cdf,4,initial_mean_scale,0.0002210122241987035
p44_d3_T10,repaired_permutation,4,persistence_coordinate,0.012056070371101613
p44_d3_T10,repaired_permutation,4,log_Q_scale,0.0021380614121679973
p44_d3_T10,repaired_permutation,4,log_R_scale,0.0008256722154263336
p44_d3_T10,repaired_permutation,4,initial_mean_scale,0.00018452110251655052
p44_d3_T10,repaired_permutation_ablation,4,persistence_coordinate,0.011060018630458648
p44_d3_T10,repaired_permutation_ablation,4,log_Q_scale,0.002169667146484982
p44_d3_T10,repaired_permutation_ablation,4,log_R_scale,0.0008024112749938097
p44_d3_T10,repaired_permutation_ablation,4,initial_mean_scale,0.00018385102166780133
p44_d3_T120,iid_dual_cap,4,persistence_coordinate,0.18016503367384684
p44_d3_T120,iid_dual_cap,4,log_Q_scale,0.03596705995736807
p44_d3_T120,iid_dual_cap,4,log_R_scale,0.05099106093821952
p44_d3_T120,iid_dual_cap,4,initial_mean_scale,0.0017506443370106529
p44_d3_T120,previous_inverse_cdf,4,persistence_coordinate,0.016484720230898232
p44_d3_T120,previous_inverse_cdf,4,log_Q_scale,0.002815997452596586
p44_d3_T120,previous_inverse_cdf,4,log_R_scale,0.00272287829068514
p44_d3_T120,previous_inverse_cdf,4,initial_mean_scale,0.0002210122241987675
p44_d3_T120,repaired_permutation,4,persistence_coordinate,0.017943993543938237
p44_d3_T120,repaired_permutation,4,log_Q_scale,0.0027177000875470213
p44_d3_T120,repaired_permutation,4,log_R_scale,0.0025151730832197725
p44_d3_T120,repaired_permutation,4,initial_mean_scale,0.0001845211025164029
p44_d3_T120,repaired_permutation_ablation,4,persistence_coordinate,0.011877861282662997
p44_d3_T120,repaired_permutation_ablation,4,log_Q_scale,0.0020647083825433583
p44_d3_T120,repaired_permutation_ablation,4,log_R_scale,0.002576840298578153
p44_d3_T120,repaired_permutation_ablation,4,initial_mean_scale,0.00018385102166766014
