scope,route,data_seed,valid_cells,mean_score_l2_error,zero_score_l2_error,first_only_l2_error
p44_d3_T10,iid_dual_cap,197001,2,0.05323769739825689,1.7078122862976728,1.562116383909474
p44_d3_T10,iid_dual_cap,197002,2,0.10119758817483113,4.262116171834439,2.895692931922634
p44_d3_T10,previous_inverse_cdf,197001,2,0.00381713754476828,1.7078122862976728,1.562116383909474
p44_d3_T10,previous_inverse_cdf,197002,2,0.006685778034904074,4.262116171834439,2.895692931922634
p44_d3_T10,repaired_permutation,197001,2,0.0027666715843630727,1.7078122862976728,1.562116383909474
p44_d3_T10,repaired_permutation,197002,2,0.01500805833130566,4.262116171834439,2.895692931922634
p44_d3_T10,repaired_permutation_ablation,197001,2,0.002563451745587946,1.7078122862976728,1.562116383909474
p44_d3_T10,repaired_permutation_ablation,197002,2,0.014392503930702696,4.262116171834439,2.895692931922634
p44_d3_T120,iid_dual_cap,197001,2,0.12595903743318818,7.729750066407194,7.823587385771518
p44_d3_T120,iid_dual_cap,197002,2,0.21021447910963012,9.473305270772927,9.272037771485728
p44_d3_T120,previous_inverse_cdf,197001,2,0.020194707748208182,7.729750066407194,7.823587385771518
p44_d3_T120,previous_inverse_cdf,197002,2,0.005012963346200229,9.473305270772927,9.272037771485728
p44_d3_T120,repaired_permutation,197001,2,0.0156250146726777,7.729750066407194,7.823587385771518
p44_d3_T120,repaired_permutation,197002,2,0.015402459671809381,9.473305270772927,9.272037771485728
p44_d3_T120,repaired_permutation_ablation,197001,2,0.008747648907539813,7.729750066407194,7.823587385771518
p44_d3_T120,repaired_permutation_ablation,197002,2,0.011517050590370432,9.473305270772927,9.272037771485728
full_d3_T2,iid_dual_cap,197001,0,,,
full_d3_T2,iid_dual_cap,197002,0,,,
full_d3_T2,previous_inverse_cdf,197001,0,,,
full_d3_T2,previous_inverse_cdf,197002,0,,,
full_d3_T2,repaired_permutation,197001,0,,,
full_d3_T2,repaired_permutation,197002,0,,,
full_d3_T2,repaired_permutation_ablation,197001,0,,,
full_d3_T2,repaired_permutation_ablation,197002,0,,,
full_d3_T10,iid_dual_cap,197001,0,,,
full_d3_T10,iid_dual_cap,197002,0,,,
full_d3_T10,previous_inverse_cdf,197001,0,,,
full_d3_T10,previous_inverse_cdf,197002,0,,,
full_d3_T10,repaired_permutation,197001,0,,,
full_d3_T10,repaired_permutation,197002,0,,,
full_d3_T10,repaired_permutation_ablation,197001,0,,,
full_d3_T10,repaired_permutation_ablation,197002,0,,,
full_d3_T120,iid_dual_cap,197001,0,,,
full_d3_T120,iid_dual_cap,197002,0,,,
