program,tuning_status,scope,route,data_seed,filter_seed,valid,exact_log_likelihood,estimated_log_likelihood,signed_error,absolute_error
fp64_gpu_xla_sqmc_reference_comparison,exact_scope_frozen_controls; flow_grid_only,p44_d3_T10,iid_dual_cap,197001,198001,True,-25.59662694402617,-25.608584383050868,-0.011957439024698147,0.011957439024698147
fp64_gpu_xla_sqmc_reference_comparison,exact_scope_frozen_controls; flow_grid_only,p44_d3_T10,iid_dual_cap,197001,198002,True,-25.59662694402617,-25.587551022521556,0.009075921504614115,0.009075921504614115
fp64_gpu_xla_sqmc_reference_comparison,exact_scope_frozen_controls; flow_grid_only,p44_d3_T10,iid_dual_cap,197002,198001,True,-30.283483760771652,-30.22116876084549,0.062314999926162074,0.062314999926162074
fp64_gpu_xla_sqmc_reference_comparison,exact_scope_frozen_controls; flow_grid_only,p44_d3_T10,iid_dual_cap,197002,198002,True,-30.283483760771652,-30.26624891551518,0.017234845256471232,0.017234845256471232
fp64_gpu_xla_sqmc_reference_comparison,exact_scope_frozen_controls; flow_grid_only,p44_d3_T10,previous_inverse_cdf,197001,198001,True,-25.59662694402617,-25.59803312822108,-0.0014061841949093434,0.0014061841949093434
fp64_gpu_xla_sqmc_reference_comparison,exact_scope_frozen_controls; flow_grid_only,p44_d3_T10,previous_inverse_cdf,197001,198002,True,-25.59662694402617,-25.596556448066195,7.049595997443703e-05,7.049595997443703e-05
fp64_gpu_xla_sqmc_reference_comparison,exact_scope_frozen_controls; flow_grid_only,p44_d3_T10,previous_inverse_cdf,197002,198001,True,-30.283483760771652,-30.28132152811563,0.002162232656022667,0.002162232656022667
fp64_gpu_xla_sqmc_reference_comparison,exact_scope_frozen_controls; flow_grid_only,p44_d3_T10,previous_inverse_cdf,197002,198002,True,-30.283483760771652,-30.285339160155523,-0.0018553993838708038,0.0018553993838708038
fp64_gpu_xla_sqmc_reference_comparison,exact_scope_frozen_controls; flow_grid_only,p44_d3_T10,repaired_permutation,197001,198001,True,-25.59662694402617,-25.597676106190164,-0.0010491621639943105,0.0010491621639943105
fp64_gpu_xla_sqmc_reference_comparison,exact_scope_frozen_controls; flow_grid_only,p44_d3_T10,repaired_permutation,197001,198002,True,-25.59662694402617,-25.596568805159237,5.813886693317727e-05,5.813886693317727e-05
fp64_gpu_xla_sqmc_reference_comparison,exact_scope_frozen_controls; flow_grid_only,p44_d3_T10,repaired_permutation,197002,198001,True,-30.283483760771652,-30.28383154416121,-0.00034778338955732124,0.00034778338955732124
fp64_gpu_xla_sqmc_reference_comparison,exact_scope_frozen_controls; flow_grid_only,p44_d3_T10,repaired_permutation,197002,198002,True,-30.283483760771652,-30.284949130764673,-0.0014653699930207154,0.0014653699930207154
fp64_gpu_xla_sqmc_reference_comparison,exact_scope_frozen_controls; flow_grid_only,p44_d3_T10,repaired_permutation_ablation,197001,198001,True,-25.59662694402617,-25.597072143533744,-0.0004451995075740456,0.0004451995075740456
fp64_gpu_xla_sqmc_reference_comparison,exact_scope_frozen_controls; flow_grid_only,p44_d3_T10,repaired_permutation_ablation,197001,198002,True,-25.59662694402617,-25.596847588244383,-0.0002206442182135504,0.0002206442182135504
fp64_gpu_xla_sqmc_reference_comparison,exact_scope_frozen_controls; flow_grid_only,p44_d3_T10,repaired_permutation_ablation,197002,198001,True,-30.283483760771652,-30.283337911573437,0.00014584919821558628,0.00014584919821558628
fp64_gpu_xla_sqmc_reference_comparison,exact_scope_frozen_controls; flow_grid_only,p44_d3_T10,repaired_permutation_ablation,197002,198002,True,-30.283483760771652,-30.284997624353778,-0.0015138635821259072,0.0015138635821259072
fp64_gpu_xla_sqmc_reference_comparison,exact_scope_frozen_controls; flow_grid_only,p44_d3_T120,iid_dual_cap,197001,198001,True,-309.9567112114631,-309.89829067930805,0.05842053215502574,0.05842053215502574
fp64_gpu_xla_sqmc_reference_comparison,exact_scope_frozen_controls; flow_grid_only,p44_d3_T120,iid_dual_cap,197001,198002,True,-309.9567112114631,-309.936490772307,0.020220439156048542,0.020220439156048542
fp64_gpu_xla_sqmc_reference_comparison,exact_scope_frozen_controls; flow_grid_only,p44_d3_T120,iid_dual_cap,197002,198001,True,-301.6112813475828,-301.50078077880903,0.11050056877377301,0.11050056877377301
fp64_gpu_xla_sqmc_reference_comparison,exact_scope_frozen_controls; flow_grid_only,p44_d3_T120,iid_dual_cap,197002,198002,True,-301.6112813475828,-301.62722704477926,-0.01594569719645733,0.01594569719645733
fp64_gpu_xla_sqmc_reference_comparison,exact_scope_frozen_controls; flow_grid_only,p44_d3_T120,previous_inverse_cdf,197001,198001,True,-309.9567112114631,-309.95407851686446,0.002632694598617036,0.002632694598617036
fp64_gpu_xla_sqmc_reference_comparison,exact_scope_frozen_controls; flow_grid_only,p44_d3_T120,previous_inverse_cdf,197001,198002,True,-309.9567112114631,-309.95365492331,0.0030562881530613595,0.0030562881530613595
fp64_gpu_xla_sqmc_reference_comparison,exact_scope_frozen_controls; flow_grid_only,p44_d3_T120,previous_inverse_cdf,197002,198001,True,-301.6112813475828,-301.60581314251414,0.005468205068666521,0.005468205068666521
fp64_gpu_xla_sqmc_reference_comparison,exact_scope_frozen_controls; flow_grid_only,p44_d3_T120,previous_inverse_cdf,197002,198002,True,-301.6112813475828,-301.61227463362764,-0.0009932860448316205,0.0009932860448316205
fp64_gpu_xla_sqmc_reference_comparison,exact_scope_frozen_controls; flow_grid_only,p44_d3_T120,repaired_permutation,197001,198001,True,-309.9567112114631,-309.9562145063496,0.00049670511344857,0.00049670511344857
fp64_gpu_xla_sqmc_reference_comparison,exact_scope_frozen_controls; flow_grid_only,p44_d3_T120,repaired_permutation,197001,198002,True,-309.9567112114631,-309.95476386397405,0.0019473474890219222,0.0019473474890219222
fp64_gpu_xla_sqmc_reference_comparison,exact_scope_frozen_controls; flow_grid_only,p44_d3_T120,repaired_permutation,197002,198001,True,-301.6112813475828,-301.6097311948708,0.0015501527120136416,0.0015501527120136416
fp64_gpu_xla_sqmc_reference_comparison,exact_scope_frozen_controls; flow_grid_only,p44_d3_T120,repaired_permutation,197002,198002,True,-301.6112813475828,-301.6122139221864,-0.0009325746036097371,0.0009325746036097371
fp64_gpu_xla_sqmc_reference_comparison,exact_scope_frozen_controls; flow_grid_only,p44_d3_T120,repaired_permutation_ablation,197001,198001,True,-309.9567112114631,-309.9560416392843,0.0006695721787650655,0.0006695721787650655
fp64_gpu_xla_sqmc_reference_comparison,exact_scope_frozen_controls; flow_grid_only,p44_d3_T120,repaired_permutation_ablation,197001,198002,True,-309.9567112114631,-309.95727940041115,-0.0005681889480797508,0.0005681889480797508
fp64_gpu_xla_sqmc_reference_comparison,exact_scope_frozen_controls; flow_grid_only,p44_d3_T120,repaired_permutation_ablation,197002,198001,True,-301.6112813475828,-301.60965642983354,0.0016249177492682065,0.0016249177492682065
fp64_gpu_xla_sqmc_reference_comparison,exact_scope_frozen_controls; flow_grid_only,p44_d3_T120,repaired_permutation_ablation,197002,198002,True,-301.6112813475828,-301.6119756507759,-0.0006943031930859433,0.0006943031930859433
