program,tuning_status,scope,route,data_seed,filter_seed,valid,coordinate,exact_score,estimated_score,signed_error,absolute_error
fp64_gpu_xla_sqmc_reference_comparison,exact_scope_frozen_controls; flow_grid_only,p44_d3_T10,iid_dual_cap,197001,198001,True,persistence_coordinate,-1.6113248546702255,-1.6687288231522412,-0.05740396848201579,0.05740396848201579
fp64_gpu_xla_sqmc_reference_comparison,exact_scope_frozen_controls; flow_grid_only,p44_d3_T10,iid_dual_cap,197001,198001,True,log_Q_scale,-0.19681047641949673,-0.18593840257457211,0.010872073844924612,0.010872073844924612
fp64_gpu_xla_sqmc_reference_comparison,exact_scope_frozen_controls; flow_grid_only,p44_d3_T10,iid_dual_cap,197001,198001,True,log_R_scale,0.3865219064282327,0.3851647273923752,-0.0013571790358575253,0.0013571790358575253
fp64_gpu_xla_sqmc_reference_comparison,exact_scope_frozen_controls; flow_grid_only,p44_d3_T10,iid_dual_cap,197001,198001,True,initial_mean_scale,-0.363485171876208,-0.3659220096033641,-0.0024368377271560826,0.0024368377271560826
fp64_gpu_xla_sqmc_reference_comparison,exact_scope_frozen_controls; flow_grid_only,p44_d3_T10,iid_dual_cap,197001,198002,True,persistence_coordinate,-1.6113248546702255,-1.5637858182685664,0.04753903640165902,0.04753903640165902
fp64_gpu_xla_sqmc_reference_comparison,exact_scope_frozen_controls; flow_grid_only,p44_d3_T10,iid_dual_cap,197001,198002,True,log_Q_scale,-0.19681047641949673,-0.20323879855937121,-0.006428322139874487,0.006428322139874487
fp64_gpu_xla_sqmc_reference_comparison,exact_scope_frozen_controls; flow_grid_only,p44_d3_T10,iid_dual_cap,197001,198002,True,log_R_scale,0.3865219064282327,0.38671655072348343,0.00019464429525073434,0.00019464429525073434
fp64_gpu_xla_sqmc_reference_comparison,exact_scope_frozen_controls; flow_grid_only,p44_d3_T10,iid_dual_cap,197001,198002,True,initial_mean_scale,-0.363485171876208,-0.3623986903693021,0.0010864815069058786,0.0010864815069058786
fp64_gpu_xla_sqmc_reference_comparison,exact_scope_frozen_controls; flow_grid_only,p44_d3_T10,iid_dual_cap,197002,198001,True,persistence_coordinate,2.477906446988226,2.620357891056061,0.14245144406783528,0.14245144406783528
fp64_gpu_xla_sqmc_reference_comparison,exact_scope_frozen_controls; flow_grid_only,p44_d3_T10,iid_dual_cap,197002,198001,True,log_Q_scale,2.786411255583111,2.7860946346805964,-0.00031662090251449726,0.00031662090251449726
fp64_gpu_xla_sqmc_reference_comparison,exact_scope_frozen_controls; flow_grid_only,p44_d3_T10,iid_dual_cap,197002,198001,True,log_R_scale,2.006606031847774,1.9640911328069754,-0.042514899040798415,0.042514899040798415
fp64_gpu_xla_sqmc_reference_comparison,exact_scope_frozen_controls; flow_grid_only,p44_d3_T10,iid_dual_cap,197002,198001,True,initial_mean_scale,0.4848282684608291,0.4825711171709826,-0.002257151289846493,0.002257151289846493
fp64_gpu_xla_sqmc_reference_comparison,exact_scope_frozen_controls; flow_grid_only,p44_d3_T10,iid_dual_cap,197002,198002,True,persistence_coordinate,2.477906446988226,2.530095237064237,0.05218879007601096,0.05218879007601096
fp64_gpu_xla_sqmc_reference_comparison,exact_scope_frozen_controls; flow_grid_only,p44_d3_T10,iid_dual_cap,197002,198002,True,log_Q_scale,2.786411255583111,2.78686649251702,0.0004552369339090312,0.0004552369339090312
fp64_gpu_xla_sqmc_reference_comparison,exact_scope_frozen_controls; flow_grid_only,p44_d3_T10,iid_dual_cap,197002,198002,True,log_R_scale,2.006606031847774,1.9938930339435292,-0.012712997904244627,0.012712997904244627
fp64_gpu_xla_sqmc_reference_comparison,exact_scope_frozen_controls; flow_grid_only,p44_d3_T10,iid_dual_cap,197002,198002,True,initial_mean_scale,0.4848282684608291,0.4850419744744025,0.00021370601357340036,0.00021370601357340036
fp64_gpu_xla_sqmc_reference_comparison,exact_scope_frozen_controls; flow_grid_only,p44_d3_T10,previous_inverse_cdf,197001,198001,True,persistence_coordinate,-1.6113248546702255,-1.6169325090664206,-0.00560765439619515,0.00560765439619515
fp64_gpu_xla_sqmc_reference_comparison,exact_scope_frozen_controls; flow_grid_only,p44_d3_T10,previous_inverse_cdf,197001,198001,True,log_Q_scale,-0.19681047641949673,-0.19597975946173252,0.0008307169577642104,0.0008307169577642104
fp64_gpu_xla_sqmc_reference_comparison,exact_scope_frozen_controls; flow_grid_only,p44_d3_T10,previous_inverse_cdf,197001,198001,True,log_R_scale,0.3865219064282327,0.38757290080211426,0.0010509943738815641,0.0010509943738815641
fp64_gpu_xla_sqmc_reference_comparison,exact_scope_frozen_controls; flow_grid_only,p44_d3_T10,previous_inverse_cdf,197001,198001,True,initial_mean_scale,-0.363485171876208,-0.36387886377126216,-0.00039369189505417124,0.00039369189505417124
fp64_gpu_xla_sqmc_reference_comparison,exact_scope_frozen_controls; flow_grid_only,p44_d3_T10,previous_inverse_cdf,197001,198002,True,persistence_coordinate,-1.6113248546702255,-1.6131137160172857,-0.0017888613470602444,0.0017888613470602444
fp64_gpu_xla_sqmc_reference_comparison,exact_scope_frozen_controls; flow_grid_only,p44_d3_T10,previous_inverse_cdf,197001,198002,True,log_Q_scale,-0.19681047641949673,-0.1971837500311765,-0.0003732736116797697,0.0003732736116797697
fp64_gpu_xla_sqmc_reference_comparison,exact_scope_frozen_controls; flow_grid_only,p44_d3_T10,previous_inverse_cdf,197001,198002,True,log_R_scale,0.3865219064282327,0.3868308159448952,0.00030890951666251443,0.00030890951666251443
fp64_gpu_xla_sqmc_reference_comparison,exact_scope_frozen_controls; flow_grid_only,p44_d3_T10,previous_inverse_cdf,197001,198002,True,initial_mean_scale,-0.363485171876208,-0.36339739078934125,8.778108686674502e-05,8.778108686674502e-05
fp64_gpu_xla_sqmc_reference_comparison,exact_scope_frozen_controls; flow_grid_only,p44_d3_T10,previous_inverse_cdf,197002,198001,True,persistence_coordinate,2.477906446988226,2.4721282055566784,-0.005778241431547482,0.005778241431547482
fp64_gpu_xla_sqmc_reference_comparison,exact_scope_frozen_controls; flow_grid_only,p44_d3_T10,previous_inverse_cdf,197002,198001,True,log_Q_scale,2.786411255583111,2.7876980528055237,0.001286797222412872,0.001286797222412872
fp64_gpu_xla_sqmc_reference_comparison,exact_scope_frozen_controls; flow_grid_only,p44_d3_T10,previous_inverse_cdf,197002,198001,True,log_R_scale,2.006606031847774,2.0052809228859867,-0.0013251089617871692,0.0013251089617871692
fp64_gpu_xla_sqmc_reference_comparison,exact_scope_frozen_controls; flow_grid_only,p44_d3_T10,previous_inverse_cdf,197002,198001,True,initial_mean_scale,0.4848282684608291,0.48498616116728765,0.00015789270645855114,0.00015789270645855114
fp64_gpu_xla_sqmc_reference_comparison,exact_scope_frozen_controls; flow_grid_only,p44_d3_T10,previous_inverse_cdf,197002,198002,True,persistence_coordinate,2.477906446988226,2.470746011609849,-0.007160435378376739,0.007160435378376739
fp64_gpu_xla_sqmc_reference_comparison,exact_scope_frozen_controls; flow_grid_only,p44_d3_T10,previous_inverse_cdf,197002,198002,True,log_Q_scale,2.786411255583111,2.787275385908017,0.000864130324905954,0.000864130324905954
fp64_gpu_xla_sqmc_reference_comparison,exact_scope_frozen_controls; flow_grid_only,p44_d3_T10,previous_inverse_cdf,197002,198002,True,log_R_scale,2.006606031847774,2.007750861368909,0.0011448295211349269,0.0011448295211349269
fp64_gpu_xla_sqmc_reference_comparison,exact_scope_frozen_controls; flow_grid_only,p44_d3_T10,previous_inverse_cdf,197002,198002,True,initial_mean_scale,0.4848282684608291,0.4849163404699204,8.807200909127788e-05,8.807200909127788e-05
fp64_gpu_xla_sqmc_reference_comparison,exact_scope_frozen_controls; flow_grid_only,p44_d3_T10,repaired_permutation,197001,198001,True,persistence_coordinate,-1.6113248546702255,-1.6147014185346467,-0.0033765638644212004,0.0033765638644212004
fp64_gpu_xla_sqmc_reference_comparison,exact_scope_frozen_controls; flow_grid_only,p44_d3_T10,repaired_permutation,197001,198001,True,log_Q_scale,-0.19681047641949673,-0.19649660999882007,0.00031386642067665615,0.00031386642067665615
fp64_gpu_xla_sqmc_reference_comparison,exact_scope_frozen_controls; flow_grid_only,p44_d3_T10,repaired_permutation,197001,198001,True,log_R_scale,0.3865219064282327,0.3872491916152536,0.0007272851870209207,0.0007272851870209207
fp64_gpu_xla_sqmc_reference_comparison,exact_scope_frozen_controls; flow_grid_only,p44_d3_T10,repaired_permutation,197001,198001,True,initial_mean_scale,-0.363485171876208,-0.36362480818255144,-0.00013963630634344915,0.00013963630634344915
fp64_gpu_xla_sqmc_reference_comparison,exact_scope_frozen_controls; flow_grid_only,p44_d3_T10,repaired_permutation,197001,198002,True,persistence_coordinate,-1.6113248546702255,-1.6133474750244825,-0.002022620354257043,0.002022620354257043
fp64_gpu_xla_sqmc_reference_comparison,exact_scope_frozen_controls; flow_grid_only,p44_d3_T10,repaired_permutation,197001,198002,True,log_Q_scale,-0.19681047641949673,-0.19691665539113762,-0.00010617897164089118,0.00010617897164089118
fp64_gpu_xla_sqmc_reference_comparison,exact_scope_frozen_controls; flow_grid_only,p44_d3_T10,repaired_permutation,197001,198002,True,log_R_scale,0.3865219064282327,0.3869085747726067,0.0003866683443740082,0.0003866683443740082
fp64_gpu_xla_sqmc_reference_comparison,exact_scope_frozen_controls; flow_grid_only,p44_d3_T10,repaired_permutation,197001,198002,True,initial_mean_scale,-0.363485171876208,-0.3634490667666564,3.610510955159851e-05,3.610510955159851e-05
fp64_gpu_xla_sqmc_reference_comparison,exact_scope_frozen_controls; flow_grid_only,p44_d3_T10,repaired_permutation,197002,198001,True,persistence_coordinate,2.477906446988226,2.4550614919532068,-0.022844955035019154,0.022844955035019154
fp64_gpu_xla_sqmc_reference_comparison,exact_scope_frozen_controls; flow_grid_only,p44_d3_T10,repaired_permutation,197002,198001,True,log_Q_scale,2.786411255583111,2.7906345209296735,0.004223265346562588,0.004223265346562588
fp64_gpu_xla_sqmc_reference_comparison,exact_scope_frozen_controls; flow_grid_only,p44_d3_T10,repaired_permutation,197002,198001,True,log_R_scale,2.006606031847774,2.0058441844440797,-0.0007618474036941159,0.0007618474036941159
fp64_gpu_xla_sqmc_reference_comparison,exact_scope_frozen_controls; flow_grid_only,p44_d3_T10,repaired_permutation,197002,198001,True,initial_mean_scale,0.4848282684608291,0.48516377701988994,0.00033550855906083754,0.00033550855906083754
fp64_gpu_xla_sqmc_reference_comparison,exact_scope_frozen_controls; flow_grid_only,p44_d3_T10,repaired_permutation,197002,198002,True,persistence_coordinate,2.477906446988226,2.4712723544359774,-0.0066340925522485605,0.0066340925522485605
fp64_gpu_xla_sqmc_reference_comparison,exact_scope_frozen_controls; flow_grid_only,p44_d3_T10,repaired_permutation,197002,198002,True,log_Q_scale,2.786411255583111,2.786993896224745,0.0005826406416340468,0.0005826406416340468
fp64_gpu_xla_sqmc_reference_comparison,exact_scope_frozen_controls; flow_grid_only,p44_d3_T10,repaired_permutation,197002,198002,True,log_R_scale,2.006606031847774,2.0078176715677367,0.0012116397199628537,0.0012116397199628537
fp64_gpu_xla_sqmc_reference_comparison,exact_scope_frozen_controls; flow_grid_only,p44_d3_T10,repaired_permutation,197002,198002,True,initial_mean_scale,0.4848282684608291,0.48488141240599353,5.3143945164424444e-05,5.3143945164424444e-05
fp64_gpu_xla_sqmc_reference_comparison,exact_scope_frozen_controls; flow_grid_only,p44_d3_T10,repaired_permutation_ablation,197001,198001,True,persistence_coordinate,-1.6113248546702255,-1.6113006549932403,2.4199676985192653e-05,2.4199676985192653e-05
fp64_gpu_xla_sqmc_reference_comparison,exact_scope_frozen_controls; flow_grid_only,p44_d3_T10,repaired_permutation_ablation,197001,198001,True,log_Q_scale,-0.19681047641949673,-0.19658298701163146,0.00022748940786526672,0.00022748940786526672
fp64_gpu_xla_sqmc_reference_comparison,exact_scope_frozen_controls; flow_grid_only,p44_d3_T10,repaired_permutation_ablation,197001,198001,True,log_R_scale,0.3865219064282327,0.38688091725274265,0.00035901082450995325,0.00035901082450995325
fp64_gpu_xla_sqmc_reference_comparison,exact_scope_frozen_controls; flow_grid_only,p44_d3_T10,repaired_permutation_ablation,197001,198001,True,initial_mean_scale,-0.363485171876208,-0.3636251366811201,-0.00013996480491212937,0.00013996480491212937
fp64_gpu_xla_sqmc_reference_comparison,exact_scope_frozen_controls; flow_grid_only,p44_d3_T10,repaired_permutation_ablation,197001,198002,True,persistence_coordinate,-1.6113248546702255,-1.6159985122820228,-0.004673657611797388,0.004673657611797388
fp64_gpu_xla_sqmc_reference_comparison,exact_scope_frozen_controls; flow_grid_only,p44_d3_T10,repaired_permutation_ablation,197001,198002,True,log_Q_scale,-0.19681047641949673,-0.19659790392385978,0.00021257249563694236,0.00021257249563694236
fp64_gpu_xla_sqmc_reference_comparison,exact_scope_frozen_controls; flow_grid_only,p44_d3_T10,repaired_permutation_ablation,197001,198002,True,log_R_scale,0.3865219064282327,0.3865595381182458,3.763169001308464e-05,3.763169001308464e-05
fp64_gpu_xla_sqmc_reference_comparison,exact_scope_frozen_controls; flow_grid_only,p44_d3_T10,repaired_permutation_ablation,197001,198002,True,initial_mean_scale,-0.363485171876208,-0.3634492563640848,3.5915512123174675e-05,3.5915512123174675e-05
fp64_gpu_xla_sqmc_reference_comparison,exact_scope_frozen_controls; flow_grid_only,p44_d3_T10,repaired_permutation_ablation,197002,198001,True,persistence_coordinate,2.477906446988226,2.457883981998379,-0.020022464989847055,0.020022464989847055
fp64_gpu_xla_sqmc_reference_comparison,exact_scope_frozen_controls; flow_grid_only,p44_d3_T10,repaired_permutation_ablation,197002,198001,True,log_Q_scale,2.786411255583111,2.7906184534325247,0.004207197849413813,0.004207197849413813
fp64_gpu_xla_sqmc_reference_comparison,exact_scope_frozen_controls; flow_grid_only,p44_d3_T10,repaired_permutation_ablation,197002,198001,True,log_R_scale,2.006606031847774,2.005469083698496,-0.0011369481492780054,0.0011369481492780054
fp64_gpu_xla_sqmc_reference_comparison,exact_scope_frozen_controls; flow_grid_only,p44_d3_T10,repaired_permutation_ablation,197002,198001,True,initial_mean_scale,0.4848282684608291,0.485162329739532,0.0003340612787028907,0.0003340612787028907
fp64_gpu_xla_sqmc_reference_comparison,exact_scope_frozen_controls; flow_grid_only,p44_d3_T10,repaired_permutation_ablation,197002,198002,True,persistence_coordinate,2.477906446988226,2.4697484274333315,-0.00815801955489448,0.00815801955489448
fp64_gpu_xla_sqmc_reference_comparison,exact_scope_frozen_controls; flow_grid_only,p44_d3_T10,repaired_permutation_ablation,197002,198002,True,log_Q_scale,2.786411255583111,2.7874273116177077,0.0010160560345968683,0.0010160560345968683
fp64_gpu_xla_sqmc_reference_comparison,exact_scope_frozen_controls; flow_grid_only,p44_d3_T10,repaired_permutation_ablation,197002,198002,True,log_R_scale,2.006606031847774,2.007679577099076,0.0010735452513022103,0.0010735452513022103
fp64_gpu_xla_sqmc_reference_comparison,exact_scope_frozen_controls; flow_grid_only,p44_d3_T10,repaired_permutation_ablation,197002,198002,True,initial_mean_scale,0.4848282684608291,0.48488049665359323,5.222819276412549e-05,5.222819276412549e-05
fp64_gpu_xla_sqmc_reference_comparison,exact_scope_frozen_controls; flow_grid_only,p44_d3_T120,iid_dual_cap,197001,198001,True,persistence_coordinate,-6.577546555602455,-6.6282264504837745,-0.050679894881319854,0.050679894881319854
fp64_gpu_xla_sqmc_reference_comparison,exact_scope_frozen_controls; flow_grid_only,p44_d3_T120,iid_dual_cap,197001,198001,True,log_Q_scale,3.651482184284061,3.711064545244712,0.05958236096065095,0.05958236096065095
fp64_gpu_xla_sqmc_reference_comparison,exact_scope_frozen_controls; flow_grid_only,p44_d3_T120,iid_dual_cap,197001,198001,True,log_R_scale,1.73766331194697,1.6696564824549545,-0.06800682949201553,0.06800682949201553
fp64_gpu_xla_sqmc_reference_comparison,exact_scope_frozen_controls; flow_grid_only,p44_d3_T120,iid_dual_cap,197001,198001,True,initial_mean_scale,-0.36348517187622104,-0.36592200960337684,-0.002436837727155805,0.002436837727155805
fp64_gpu_xla_sqmc_reference_comparison,exact_scope_frozen_controls; flow_grid_only,p44_d3_T120,iid_dual_cap,197001,198002,True,persistence_coordinate,-6.577546555602455,-6.433445372935011,0.14410118266744387,0.14410118266744387
fp64_gpu_xla_sqmc_reference_comparison,exact_scope_frozen_controls; flow_grid_only,p44_d3_T120,iid_dual_cap,197001,198002,True,log_Q_scale,3.651482184284061,3.6250252561912433,-0.026456928092817744,0.026456928092817744
fp64_gpu_xla_sqmc_reference_comparison,exact_scope_frozen_controls; flow_grid_only,p44_d3_T120,iid_dual_cap,197001,198002,True,log_R_scale,1.73766331194697,1.760212451197802,0.022549139250831907,0.022549139250831907
fp64_gpu_xla_sqmc_reference_comparison,exact_scope_frozen_controls; flow_grid_only,p44_d3_T120,iid_dual_cap,197001,198002,True,initial_mean_scale,-0.36348517187622104,-0.36239869036931516,0.0010864815069058786,0.0010864815069058786
fp64_gpu_xla_sqmc_reference_comparison,exact_scope_frozen_controls; flow_grid_only,p44_d3_T120,iid_dual_cap,197002,198001,True,persistence_coordinate,9.191522755301447,9.50779769426456,0.31627493896311343,0.31627493896311343
fp64_gpu_xla_sqmc_reference_comparison,exact_scope_frozen_controls; flow_grid_only,p44_d3_T120,iid_dual_cap,197002,198001,True,log_Q_scale,-1.0704377781875918,-1.0675418591674584,0.0028959190201334195,0.0028959190201334195
fp64_gpu_xla_sqmc_reference_comparison,exact_scope_frozen_controls; flow_grid_only,p44_d3_T120,iid_dual_cap,197002,198001,True,log_R_scale,-1.9693975487848987,-2.0210621451650015,-0.05166459638010279,0.05166459638010279
fp64_gpu_xla_sqmc_reference_comparison,exact_scope_frozen_controls; flow_grid_only,p44_d3_T120,iid_dual_cap,197002,198001,True,initial_mean_scale,0.4848282684607574,0.48257111717091117,-0.0022571512898462154,0.0022571512898462154
fp64_gpu_xla_sqmc_reference_comparison,exact_scope_frozen_controls; flow_grid_only,p44_d3_T120,iid_dual_cap,197002,198002,True,persistence_coordinate,9.191522755301447,9.271985901072258,0.08046314577081048,0.08046314577081048
fp64_gpu_xla_sqmc_reference_comparison,exact_scope_frozen_controls; flow_grid_only,p44_d3_T120,iid_dual_cap,197002,198002,True,log_Q_scale,-1.0704377781875918,-1.1007049960839006,-0.030267217896308818,0.030267217896308818
fp64_gpu_xla_sqmc_reference_comparison,exact_scope_frozen_controls; flow_grid_only,p44_d3_T120,iid_dual_cap,197002,198002,True,log_R_scale,-1.9693975487848987,-1.9184296164667003,0.050967932318198406,0.050967932318198406
fp64_gpu_xla_sqmc_reference_comparison,exact_scope_frozen_controls; flow_grid_only,p44_d3_T120,iid_dual_cap,197002,198002,True,initial_mean_scale,0.4848282684607574,0.48504197447433,0.0002137060135726232,0.0002137060135726232
fp64_gpu_xla_sqmc_reference_comparison,exact_scope_frozen_controls; flow_grid_only,p44_d3_T120,previous_inverse_cdf,197001,198001,True,persistence_coordinate,-6.577546555602455,-6.56934901715973,0.008197538442724195,0.008197538442724195
fp64_gpu_xla_sqmc_reference_comparison,exact_scope_frozen_controls; flow_grid_only,p44_d3_T120,previous_inverse_cdf,197001,198001,True,log_Q_scale,3.651482184284061,3.650530673411726,-0.0009515108723348042,0.0009515108723348042
fp64_gpu_xla_sqmc_reference_comparison,exact_scope_frozen_controls; flow_grid_only,p44_d3_T120,previous_inverse_cdf,197001,198001,True,log_R_scale,1.73766331194697,1.7360996763935042,-0.0015636355534658364,0.0015636355534658364
fp64_gpu_xla_sqmc_reference_comparison,exact_scope_frozen_controls; flow_grid_only,p44_d3_T120,previous_inverse_cdf,197001,198001,True,initial_mean_scale,-0.36348517187622104,-0.3638788637712753,-0.00039369189505428226,0.00039369189505428226
fp64_gpu_xla_sqmc_reference_comparison,exact_scope_frozen_controls; flow_grid_only,p44_d3_T120,previous_inverse_cdf,197001,198002,True,persistence_coordinate,-6.577546555602455,-6.546169855133521,0.03137670046893337,0.03137670046893337
fp64_gpu_xla_sqmc_reference_comparison,exact_scope_frozen_controls; flow_grid_only,p44_d3_T120,previous_inverse_cdf,197001,198002,True,log_Q_scale,3.651482184284061,3.6460335885250337,-0.0054485957590273415,0.0054485957590273415
fp64_gpu_xla_sqmc_reference_comparison,exact_scope_frozen_controls; flow_grid_only,p44_d3_T120,previous_inverse_cdf,197001,198002,True,log_R_scale,1.73766331194697,1.7405922684271544,0.0029289564801844303,0.0029289564801844303
fp64_gpu_xla_sqmc_reference_comparison,exact_scope_frozen_controls; flow_grid_only,p44_d3_T120,previous_inverse_cdf,197001,198002,True,initial_mean_scale,-0.36348517187622104,-0.36339739078935435,8.77810868666895e-05,8.77810868666895e-05
fp64_gpu_xla_sqmc_reference_comparison,exact_scope_frozen_controls; flow_grid_only,p44_d3_T120,previous_inverse_cdf,197002,198001,True,persistence_coordinate,9.191522755301447,9.19740105903041,0.005878303728962919,0.005878303728962919
fp64_gpu_xla_sqmc_reference_comparison,exact_scope_frozen_controls; flow_grid_only,p44_d3_T120,previous_inverse_cdf,197002,198001,True,log_Q_scale,-1.0704377781875918,-1.070884892558042,-0.0004471143704503078,0.0004471143704503078
fp64_gpu_xla_sqmc_reference_comparison,exact_scope_frozen_controls; flow_grid_only,p44_d3_T120,previous_inverse_cdf,197002,198001,True,log_R_scale,-1.9693975487848987,-1.9722826388108974,-0.0028850900259986823,0.0028850900259986823
fp64_gpu_xla_sqmc_reference_comparison,exact_scope_frozen_controls; flow_grid_only,p44_d3_T120,previous_inverse_cdf,197002,198001,True,initial_mean_scale,0.4848282684607574,0.48498616116721577,0.0001578927064583846,0.0001578927064583846
fp64_gpu_xla_sqmc_reference_comparison,exact_scope_frozen_controls; flow_grid_only,p44_d3_T120,previous_inverse_cdf,197002,198002,True,persistence_coordinate,9.191522755301447,9.192378664640628,0.0008559093391813377,0.0008559093391813377
fp64_gpu_xla_sqmc_reference_comparison,exact_scope_frozen_controls; flow_grid_only,p44_d3_T120,previous_inverse_cdf,197002,198002,True,log_Q_scale,-1.0704377781875918,-1.0714005277222043,-0.0009627495346125059,0.0009627495346125059
fp64_gpu_xla_sqmc_reference_comparison,exact_scope_frozen_controls; flow_grid_only,p44_d3_T120,previous_inverse_cdf,197002,198002,True,log_R_scale,-1.9693975487848987,-1.9661868201949142,0.0032107285899845017,0.0032107285899845017
fp64_gpu_xla_sqmc_reference_comparison,exact_scope_frozen_controls; flow_grid_only,p44_d3_T120,previous_inverse_cdf,197002,198002,True,initial_mean_scale,0.4848282684607574,0.48491634046984916,8.807200909177748e-05,8.807200909177748e-05
fp64_gpu_xla_sqmc_reference_comparison,exact_scope_frozen_controls; flow_grid_only,p44_d3_T120,repaired_permutation,197001,198001,True,persistence_coordinate,-6.577546555602455,-6.581544469004921,-0.00399791340246658,0.00399791340246658
fp64_gpu_xla_sqmc_reference_comparison,exact_scope_frozen_controls; flow_grid_only,p44_d3_T120,repaired_permutation,197001,198001,True,log_Q_scale,3.651482184284061,3.652218424795896,0.0007362405118351845,0.0007362405118351845
fp64_gpu_xla_sqmc_reference_comparison,exact_scope_frozen_controls; flow_grid_only,p44_d3_T120,repaired_permutation,197001,198001,True,log_R_scale,1.73766331194697,1.73611667228834,-0.0015466396586298892,0.0015466396586298892
fp64_gpu_xla_sqmc_reference_comparison,exact_scope_frozen_controls; flow_grid_only,p44_d3_T120,repaired_permutation,197001,198001,True,initial_mean_scale,-0.36348517187622104,-0.3636248081825646,-0.00013963630634356017,0.00013963630634356017
fp64_gpu_xla_sqmc_reference_comparison,exact_scope_frozen_controls; flow_grid_only,p44_d3_T120,repaired_permutation,197001,198002,True,persistence_coordinate,-6.577546555602455,-6.551061527001198,0.026485028601256566,0.026485028601256566
fp64_gpu_xla_sqmc_reference_comparison,exact_scope_frozen_controls; flow_grid_only,p44_d3_T120,repaired_permutation,197001,198002,True,log_Q_scale,3.651482184284061,3.6473213567025615,-0.004160827581499493,0.004160827581499493
fp64_gpu_xla_sqmc_reference_comparison,exact_scope_frozen_controls; flow_grid_only,p44_d3_T120,repaired_permutation,197001,198002,True,log_R_scale,1.73766331194697,1.739843148026015,0.002179836079045039,0.002179836079045039
fp64_gpu_xla_sqmc_reference_comparison,exact_scope_frozen_controls; flow_grid_only,p44_d3_T120,repaired_permutation,197001,198002,True,initial_mean_scale,-0.36348517187622104,-0.3634490667666695,3.6105109551543e-05,3.6105109551543e-05
fp64_gpu_xla_sqmc_reference_comparison,exact_scope_frozen_controls; flow_grid_only,p44_d3_T120,repaired_permutation,197002,198001,True,persistence_coordinate,9.191522755301447,9.168426579134023,-0.02309617616742443,0.02309617616742443
fp64_gpu_xla_sqmc_reference_comparison,exact_scope_frozen_controls; flow_grid_only,p44_d3_T120,repaired_permutation,197002,198001,True,log_Q_scale,-1.0704377781875918,-1.0673791711833323,0.003058607004259528,0.003058607004259528
fp64_gpu_xla_sqmc_reference_comparison,exact_scope_frozen_controls; flow_grid_only,p44_d3_T120,repaired_permutation,197002,198001,True,log_R_scale,-1.9693975487848987,-1.9707550493291657,-0.0013575005442669763,0.0013575005442669763
fp64_gpu_xla_sqmc_reference_comparison,exact_scope_frozen_controls; flow_grid_only,p44_d3_T120,repaired_permutation,197002,198001,True,initial_mean_scale,0.4848282684607574,0.4851637770198178,0.00033550855906039345,0.00033550855906039345
fp64_gpu_xla_sqmc_reference_comparison,exact_scope_frozen_controls; flow_grid_only,p44_d3_T120,repaired_permutation,197002,198002,True,persistence_coordinate,9.191522755301447,9.19761161497136,0.006088859669912239,0.006088859669912239
fp64_gpu_xla_sqmc_reference_comparison,exact_scope_frozen_controls; flow_grid_only,p44_d3_T120,repaired_permutation,197002,198002,True,log_Q_scale,-1.0704377781875918,-1.07196550918573,-0.0015277309981382992,0.0015277309981382992
fp64_gpu_xla_sqmc_reference_comparison,exact_scope_frozen_controls; flow_grid_only,p44_d3_T120,repaired_permutation,197002,198002,True,log_R_scale,-1.9693975487848987,-1.9653580196958371,0.004039529089061578,0.004039529089061578
fp64_gpu_xla_sqmc_reference_comparison,exact_scope_frozen_controls; flow_grid_only,p44_d3_T120,repaired_permutation,197002,198002,True,initial_mean_scale,0.4848282684607574,0.4848814124059223,5.3143945164924045e-05,5.3143945164924045e-05
fp64_gpu_xla_sqmc_reference_comparison,exact_scope_frozen_controls; flow_grid_only,p44_d3_T120,repaired_permutation_ablation,197001,198001,True,persistence_coordinate,-6.577546555602455,-6.578830781350845,-0.0012842257483907105,0.0012842257483907105
fp64_gpu_xla_sqmc_reference_comparison,exact_scope_frozen_controls; flow_grid_only,p44_d3_T120,repaired_permutation_ablation,197001,198001,True,log_Q_scale,3.651482184284061,3.651777841099284,0.0002956568152230332,0.0002956568152230332
fp64_gpu_xla_sqmc_reference_comparison,exact_scope_frozen_controls; flow_grid_only,p44_d3_T120,repaired_permutation_ablation,197001,198001,True,log_R_scale,1.73766331194697,1.7360894448176711,-0.001573867129298856,0.001573867129298856
fp64_gpu_xla_sqmc_reference_comparison,exact_scope_frozen_controls; flow_grid_only,p44_d3_T120,repaired_permutation_ablation,197001,198001,True,initial_mean_scale,-0.36348517187622104,-0.3636251366811333,-0.0001399648049122404,0.0001399648049122404
fp64_gpu_xla_sqmc_reference_comparison,exact_scope_frozen_controls; flow_grid_only,p44_d3_T120,repaired_permutation_ablation,197001,198002,True,persistence_coordinate,-6.577546555602455,-6.563098548042154,0.014448007560300624,0.014448007560300624
fp64_gpu_xla_sqmc_reference_comparison,exact_scope_frozen_controls; flow_grid_only,p44_d3_T120,repaired_permutation_ablation,197001,198002,True,log_Q_scale,3.651482184284061,3.6480708273738944,-0.0034113569101665853,0.0034113569101665853
fp64_gpu_xla_sqmc_reference_comparison,exact_scope_frozen_controls; flow_grid_only,p44_d3_T120,repaired_permutation_ablation,197001,198002,True,log_R_scale,1.73766331194697,1.7418991241873845,0.004235812240414472,0.004235812240414472
fp64_gpu_xla_sqmc_reference_comparison,exact_scope_frozen_controls; flow_grid_only,p44_d3_T120,repaired_permutation_ablation,197001,198002,True,initial_mean_scale,-0.36348517187622104,-0.36344925636409786,3.5915512123174675e-05,3.5915512123174675e-05
fp64_gpu_xla_sqmc_reference_comparison,exact_scope_frozen_controls; flow_grid_only,p44_d3_T120,repaired_permutation_ablation,197002,198001,True,persistence_coordinate,9.191522755301447,9.17308288584032,-0.018439869461127856,0.018439869461127856
fp64_gpu_xla_sqmc_reference_comparison,exact_scope_frozen_controls; flow_grid_only,p44_d3_T120,repaired_permutation_ablation,197002,198001,True,log_Q_scale,-1.0704377781875918,-1.0681311259348814,0.0023066522527104283,0.0023066522527104283
fp64_gpu_xla_sqmc_reference_comparison,exact_scope_frozen_controls; flow_grid_only,p44_d3_T120,repaired_permutation_ablation,197002,198001,True,log_R_scale,-1.9693975487848987,-1.9700058833466456,-0.0006083345617469149,0.0006083345617469149
fp64_gpu_xla_sqmc_reference_comparison,exact_scope_frozen_controls; flow_grid_only,p44_d3_T120,repaired_permutation_ablation,197002,198001,True,initial_mean_scale,0.4848282684607574,0.48516232973945983,0.0003340612787024466,0.0003340612787024466
fp64_gpu_xla_sqmc_reference_comparison,exact_scope_frozen_controls; flow_grid_only,p44_d3_T120,repaired_permutation_ablation,197002,198002,True,persistence_coordinate,9.191522755301447,9.195252555647574,0.0037298003461270213,0.0037298003461270213
fp64_gpu_xla_sqmc_reference_comparison,exact_scope_frozen_controls; flow_grid_only,p44_d3_T120,repaired_permutation_ablation,197002,198002,True,log_Q_scale,-1.0704377781875918,-1.0705194438714254,-8.166568383360939e-05,8.166568383360939e-05
fp64_gpu_xla_sqmc_reference_comparison,exact_scope_frozen_controls; flow_grid_only,p44_d3_T120,repaired_permutation_ablation,197002,198002,True,log_R_scale,-1.9693975487848987,-1.9669952187322712,0.002402330052627466,0.002402330052627466
fp64_gpu_xla_sqmc_reference_comparison,exact_scope_frozen_controls; flow_grid_only,p44_d3_T120,repaired_permutation_ablation,197002,198002,True,initial_mean_scale,0.4848282684607574,0.48488049665352206,5.22281927646806e-05,5.22281927646806e-05
