model,proposal,rank,paths,fit_seed,log_likelihood,conditional_jackknife_se,ess,max_weight,joint_density_parity_max,bootstrap_log_likelihood,bootstrap_mcse
predator_prey,/home/chakwong/BayesFilter-SQMC/docs/plans/artifacts/zhao-cui-publication-replication-20261004/pp-current-linear-r20-seed2-01,20,10000,2,-97.3440562983308,1.6711075154723532e-05,9999.9724315479,0.00010482262832887715,1.4210854715202004e-13,-97.3429738512835,0.006574815217788025
predator_prey,/home/chakwong/BayesFilter-SQMC/docs/plans/artifacts/zhao-cui-publication-replication-20261004/pp-current-linear-r20-seed17-01,20,10000,17,-97.34403522081344,1.4828909049671566e-05,9999.974668163646,0.00010474144874682474,1.4210854715202004e-13,-97.3429738512835,0.006574815217788025
predator_prey,/home/chakwong/BayesFilter-SQMC/docs/plans/artifacts/zhao-cui-publication-replication-20261004/pp-current-linear-r20-seed29-01,20,10000,29,-97.34403068951835,2.0450675689660493e-05,9999.973968566708,0.00010363248639760751,1.4210854715202004e-13,-97.3429738512835,0.006574815217788025
predator_prey,/home/chakwong/BayesFilter-SQMC/docs/plans/artifacts/zhao-cui-publication-replication-20261004/pp-current-linear-r20-seed2-n100000-01,20,100000,2,-97.34405324830068,3.837199888643136e-06,99999.73355550531,1.076319087034011e-05,1.7053025658242404e-13,-97.3429738512835,0.006574815217788025
predator_prey,/home/chakwong/BayesFilter-SQMC/docs/plans/artifacts/zhao-cui-publication-replication-20261004/pp-current-linear-r20-seed17-n100000-01,20,100000,17,-97.34405499129132,4.743278050650516e-06,99999.544851797,1.0633636335964291e-05,1.7053025658242404e-13,-97.3429738512835,0.006574815217788025
predator_prey,/home/chakwong/BayesFilter-SQMC/docs/plans/artifacts/zhao-cui-publication-replication-20261004/pp-current-linear-r20-seed29-n100000-01,20,100000,29,-97.34404265783213,4.034546952949293e-06,99999.68952128512,1.0569457156075314e-05,1.7053025658242404e-13,-97.3429738512835,0.006574815217788025
sir_d18,/home/chakwong/BayesFilter-SQMC/docs/plans/artifacts/zhao-cui-publication-replication-20261004/sir-current-linear-r20-seed2-01,20,10000,2,-678.0677118758723,0.01764571104060235,2464.109750877485,0.011717624086035579,1.3642420526593924e-12,-678.0774663144102,0.014864040336018519
sir_d18,/home/chakwong/BayesFilter-SQMC/docs/plans/artifacts/zhao-cui-publication-replication-20261004/sir-current-linear-r20-seed17-01,20,10000,17,-678.0452071442991,0.043893827062760966,767.3482014336269,0.03292811061226918,1.1368683772161603e-12,-678.0774663144102,0.014864040336018519
sir_d18,/home/chakwong/BayesFilter-SQMC/docs/plans/artifacts/zhao-cui-publication-replication-20261004/sir-current-linear-r20-seed29-01,20,10000,29,-678.0523402409248,0.012598300881088938,3106.94198696605,0.006696067476115253,1.1368683772161603e-12,-678.0774663144102,0.014864040336018519
sir_d18,/home/chakwong/BayesFilter-SQMC/docs/plans/artifacts/zhao-cui-publication-replication-20261004/sir-current-linear-r40-seed2-01,40,10000,2,-678.0837284086415,0.008684698754208613,4694.954660235194,0.003119849631956198,1.3642420526593924e-12,-678.0774663144102,0.014864040336018519
