model,parameter,rank,paths,fit_seed,design_seed,design_points,radius,score,conditional_jackknife_se,central_difference,prefix_quarter_score,prefix_half_score,heldout_rms,minimum_ess,bootstrap_score,bootstrap_mcse
predator_prey,r,20,10000,2,43003,1024,0.005,-33.291309093856775,0.14058323254093355,-33.18641639953116,-33.14771543604452,-33.30159501355138,0.00017738843640142496,7612.432112950964,-32.90523635514581,0.07549760276223047
predator_prey,carrying_capacity,20,10000,2,43003,1024,0.005,-0.5437356232731451,0.010161302409864332,-0.5434394869569795,-0.5472557390014016,-0.5547720325217553,0.00017738843640142496,7612.432112950964,-0.5439429990863612,0.003390184887305527
predator_prey,half_saturation,20,10000,2,43003,1024,0.005,0.02026816496845884,0.00019496036507460083,0.02033513764818906,0.02045821496288526,0.02029130761079407,0.00017738843640142496,7612.432112950964,0.020529547783642153,9.418781866310199e-05
predator_prey,s,20,10000,2,43003,1024,0.005,4.560587133134377,0.03926560988035102,4.540047936608597,4.574035175605961,4.615280848901437,0.00017738843640142496,7612.432112950964,4.487344015333499,0.008272440220880752
predator_prey,u,20,10000,2,43003,1024,0.005,-8.704391375502675,0.03676701717276488,-8.711649177690006,-8.755408199349713,-8.734290164646687,0.00017738843640142496,7612.432112950964,-8.732396460508888,0.02200260627864979
predator_prey,v,20,10000,2,43003,1024,0.005,10.83474986010153,0.045141975636149655,10.844048353984448,10.898103153000964,10.87387870546656,0.00017738843640142496,7612.432112950964,10.865451846125698,0.027696073479214173
predator_prey,r,20,10000,2,43003,1024,0.0025,-33.214804954506505,0.1399255094344194,-33.188590827724816,-33.09594572451484,-33.2405232276544,2.2057586169987097e-05,9339.660516639718,-32.90523635514581,0.07549760276223047
predator_prey,carrying_capacity,20,10000,2,43003,1024,0.0025,-0.5440655266596779,0.010206807782742543,-0.5439941431142994,-0.5478710556285941,-0.5552276707205478,2.2057586169987097e-05,9339.660516639718,-0.5439429990863612,0.003390184887305527
predator_prey,half_saturation,20,10000,2,43003,1024,0.0025,0.02031827253283618,0.00019425092150351353,0.020335012133685382,0.02049361746340532,0.020332080931934924,2.2057586169987097e-05,9339.660516639718,0.020529547783642153,9.418781866310199e-05
predator_prey,s,20,10000,2,43003,1024,0.0025,4.545210039332289,0.04035159924053202,4.540049292192094,4.565370986357087,4.604522760070867,2.2057586169987097e-05,9339.660516639718,4.487344015333499,0.008272440220880752
predator_prey,u,20,10000,2,43003,1024,0.0025,-8.709714054323301,0.03678230990335659,-8.711508981108551,-8.760178295288702,-8.739936179838175,2.2057586169987097e-05,9339.660516639718,-8.732396460508888,0.02200260627864979
predator_prey,v,20,10000,2,43003,1024,0.0025,10.84146949958698,0.0450884594205328,10.843771419274617,10.904514203592438,10.881144199629498,2.2057586169987097e-05,9339.660516639718,10.865451846125698,0.027696073479214173
predator_prey,r,20,10000,2,43003,1024,0.00125,-33.19568724129756,0.1398570531125807,-33.189134424303525,-33.08324058679641,-33.22534998654956,2.753524123907906e-06,9830.61490198517,-32.90523635514581,0.07549760276223047
predator_prey,carrying_capacity,20,10000,2,43003,1024,0.00125,-0.5441461197628114,0.010220717495588536,-0.54412843748785,-0.5480252769133614,-0.5553425095962963,2.753524123907906e-06,9830.61490198517,-0.5439429990863612,0.003390184887305527
predator_prey,half_saturation,20,10000,2,43003,1024,0.00125,0.020330796040200008,0.00019410132250609932,0.020334980755166043,0.020502293074344924,0.020342188021884356,2.753524123907906e-06,9830.61490198517,0.020529547783642153,9.418781866310199e-05
predator_prey,s,20,10000,2,43003,1024,0.00125,4.5413414636786955,0.04064386075799896,4.540049631086636,4.563208581752983,4.601837261507725,2.753524123907906e-06,9830.61490198517,4.487344015333499,0.008272440220880752
predator_prey,u,20,10000,2,43003,1024,0.00125,-8.711026414431267,0.036791954075287084,-8.711473931727198,-8.761334744688943,-8.741331591499772,2.753524123907906e-06,9830.61490198517,-8.732396460508888,0.02200260627864979
predator_prey,v,20,10000,2,43003,1024,0.00125,10.843128119882671,0.045081924694370626,10.843702184911308,10.906069776448005,10.882939674029219,2.753524123907906e-06,9830.61490198517,10.865451846125698,0.027696073479214173
predator_prey,r,20,10000,17,43003,1024,0.005,-33.59654612113455,0.17363251575998315,-33.478301969193915,-33.19414479205609,-33.64770066012731,0.00019119763751169084,7676.574239662374,-32.90523635514581,0.07549760276223047
predator_prey,carrying_capacity,20,10000,17,43003,1024,0.005,-0.5727792234916345,0.009033876415691255,-0.5725931829182731,-0.5508816581190942,-0.5649829100846232,0.00019119763751169084,7676.574239662374,-0.5439429990863612,0.003390184887305527
predator_prey,half_saturation,20,10000,17,43003,1024,0.005,0.020340836789863103,0.00018111085482068018,0.020418434315395473,0.020849031074324488,0.02045840713538662,0.00019119763751169084,7676.574239662374,0.020529547783642153,9.418781866310199e-05
predator_prey,s,20,10000,17,43003,1024,0.005,4.521296764903342,0.03285496974064693,4.497625006094334,4.506911135373997,4.543851624668794,0.00019119763751169084,7676.574239662374,4.487344015333499,0.008272440220880752
predator_prey,u,20,10000,17,43003,1024,0.005,-8.715142224260756,0.03268991565639593,-8.72289332115237,-8.802208977823138,-8.747714312054715,0.00019119763751169084,7676.574239662374,-8.732396460508888,0.02200260627864979
predator_prey,v,20,10000,17,43003,1024,0.005,10.843755951814138,0.04199490232464473,10.85354658167752,10.96192420145699,10.88888020408043,0.00019119763751169084,7676.574239662374,10.865451846125698,0.027696073479214173
predator_prey,r,20,10000,17,43003,1024,0.0025,-33.51002104802916,0.1752749082478406,-33.48047902443518,-33.11746869558929,-33.574522227212704,2.362927677131659e-05,9351.477640853629,-32.90523635514581,0.07549760276223047
predator_prey,carrying_capacity,20,10000,17,43003,1024,0.0025,-0.5729711316571231,0.009133935136131205,-0.5729292142603014,-0.5509969200591174,-0.5654601322404363,2.362927677131659e-05,9351.477640853629,-0.5439429990863612,0.003390184887305527
predator_prey,half_saturation,20,10000,17,43003,1024,0.0025,0.0203989028777209,0.00018073081653048072,0.02041830889037044,0.020904338927884545,0.020511078977556232,2.362927677131659e-05,9351.477640853629,0.020529547783642153,9.418781866310199e-05
predator_prey,s,20,10000,17,43003,1024,0.0025,4.503534091675507,0.03273706065279875,4.497626521832387,4.4921370586932605,4.528413271739063,2.362927677131659e-05,9351.477640853629,4.487344015333499,0.008272440220880752
predator_prey,u,20,10000,17,43003,1024,0.0025,-8.720805520962863,0.03296229103755479,-8.7227509015122,-8.8093800081878,-8.753469522546482,2.362927677131659e-05,9351.477640853629,-8.732396460508888,0.02200260627864979
predator_prey,v,20,10000,17,43003,1024,0.0025,10.85080871057516,0.04231627460907852,10.853265401756573,10.970824537983447,10.896051659853617,2.362927677131659e-05,9351.477640853629,10.865451846125698,0.027696073479214173
predator_prey,r,20,10000,17,43003,1024,0.00125,-33.488407522195985,0.1757457698992419,-33.48102329660918,-33.09817658164181,-33.55627274392106,2.944912340906119e-06,9833.2455356509,-32.90523635514581,0.07549760276223047
predator_prey,carrying_capacity,20,10000,17,43003,1024,0.00125,-0.5730158297506314,0.009162299926637873,-0.5730056394320925,-0.5510118765171695,-0.5655754704631408,2.944912340906119e-06,9833.2455356509,-0.5439429990863612,0.003390184887305527
predator_prey,half_saturation,20,10000,17,43003,1024,0.00125,0.02041342573042464,0.0001806807900351677,0.020418277534218987,0.020918249023486758,0.02052425940882005,2.944912340906119e-06,9833.2455356509,0.020529547783642153,9.418781866310199e-05
predator_prey,s,20,10000,17,43003,1024,0.00125,4.499103120366824,0.0327156004961925,4.497626900769565,4.488471063650705,4.52458200437065,2.944912340906119e-06,9833.2455356509,4.487344015333499,0.008272440220880752
predator_prey,u,20,10000,17,43003,1024,0.00125,-8.722228478414753,0.0330398426863122,-8.722715296370609,-8.81120852289995,-8.754929955549462,2.944912340906119e-06,9833.2455356509,-8.732396460508888,0.02200260627864979
predator_prey,v,20,10000,17,43003,1024,0.00125,10.852580378013956,0.04240874526604938,10.85319510610816,10.97309542711455,10.897869705539229,2.944912340906119e-06,9833.2455356509,10.865451846125698,0.027696073479214173
predator_prey,r,20,10000,29,43003,1024,0.005,-33.32924574014615,0.26321250448861094,-33.21827617453099,-32.562525294049536,-33.26875527172864,0.00017690598350911385,7492.831457499777,-32.90523635514581,0.07549760276223047
predator_prey,carrying_capacity,20,10000,29,43003,1024,0.005,-0.5590551274391727,0.011119883254698527,-0.5592483837316327,-0.5541073069609381,-0.5564032192979661,0.00017690598350911385,7492.831457499777,-0.5439429990863612,0.003390184887305527
predator_prey,half_saturation,20,10000,29,43003,1024,0.005,0.020431345368870462,0.00023045465026826445,0.020501504080378652,0.020239982892439952,0.02029512774813743,0.00017690598350911385,7492.831457499777,0.020529547783642153,9.418781866310199e-05
predator_prey,s,20,10000,29,43003,1024,0.005,4.49883828088516,0.03323424165784202,4.479899628381763,4.501596005339742,4.511816952150819,0.00017690598350911385,7492.831457499777,4.487344015333499,0.008272440220880752
predator_prey,u,20,10000,29,43003,1024,0.005,-8.706665108708531,0.05138634214328842,-8.715621357169212,-8.62120345997873,-8.675834131357208,0.00017690598350911385,7492.831457499777,-8.732396460508888,0.02200260627864979
predator_prey,v,20,10000,29,43003,1024,0.005,10.83636775115804,0.06372249936730619,10.847654510927285,10.73460140653964,10.797958162856686,0.00017690598350911385,7492.831457499777,10.865451846125698,0.027696073479214173
predator_prey,r,20,10000,29,43003,1024,0.0025,-33.24822817379651,0.26119932151761494,-33.22048539216086,-32.48992141992312,-33.19951868275132,2.204445536915821e-05,9312.776155579231,-32.90523635514581,0.07549760276223047
predator_prey,carrying_capacity,20,10000,29,43003,1024,0.0025,-0.5588348012244352,0.011124956971949092,-0.5588816914721612,-0.5553603834419908,-0.5569158383762766,2.204445536915821e-05,9312.776155579231,-0.5439429990863612,0.003390184887305527
predator_prey,half_saturation,20,10000,29,43003,1024,0.0025,0.02048399782401389,0.00023005372354573347,0.020501378727288966,0.020308880304542955,0.020343759339155127,2.204445536915821e-05,9312.776155579231,0.020529547783642153,9.418781866310199e-05
predator_prey,s,20,10000,29,43003,1024,0.0025,4.484614367859442,0.03357935240457407,4.479900694054351,4.487682845548147,4.4984430659192345,2.204445536915821e-05,9312.776155579231,4.487344015333499,0.008272440220880752
predator_prey,u,20,10000,29,43003,1024,0.0025,-8.71327237192492,0.05139146932016381,-8.71548015728294,-8.631840469145715,-8.681900440233628,2.204445536915821e-05,9312.776155579231,-8.732396460508888,0.02200260627864979
predator_prey,v,20,10000,29,43003,1024,0.0025,10.844591158195612,0.06373346097125158,10.847376159465938,10.747821087244004,10.805471169667339,2.204445536915821e-05,9312.776155579231,10.865451846125698,0.027696073479214173
predator_prey,r,20,10000,29,43003,1024,0.00125,-33.22797354893239,0.2607221685569389,-33.22103768145249,-32.47161137866685,-33.18197676517117,2.7535236355876734e-06,9824.376141431974,-32.90523635514581,0.07549760276223047
predator_prey,carrying_capacity,20,10000,29,43003,1024,0.00125,-0.5587808194810833,0.011129833084202812,-0.5587924581363124,-0.5556793044638595,-0.5570398640300543,2.7535236355876734e-06,9824.376141431974,-0.5439429990863612,0.003390184887305527
predator_prey,half_saturation,20,10000,29,43003,1024,0.00125,0.02049701205746218,0.00022998586214715961,0.020501347389114244,0.020325899253477907,0.02035580004544732,2.7535236355876734e-06,9824.376141431974,0.020529547783642153,9.418781866310199e-05
predator_prey,s,20,10000,29,43003,1024,0.00125,4.481078037517958,0.033683307598725475,4.4799009604711655,4.48421558516545,4.4951096667189505,2.7535236355876734e-06,9824.376141431974,4.487344015333499,0.008272440220880752
predator_prey,u,20,10000,29,43003,1024,0.00125,-8.714894862519529,0.051395880672943914,-8.715444857072896,-8.63442842454267,-8.68337311519205,2.7535236355876734e-06,9824.376141431974,-8.732396460508888,0.02200260627864979
predator_prey,v,20,10000,29,43003,1024,0.00125,10.84661260171825,0.06374046895166628,10.847306570913418,10.751045099098015,10.807301440237108,2.7535236355876734e-06,9824.376141431974,10.865451846125698,0.027696073479214173
predator_prey,r,20,100000,2,43003,1024,0.00125,-32.99682439708515,0.06293148477541038,-32.98995484261388,-32.78439189398632,-32.99504656131177,2.945801057648212e-06,98288.49810555388,-32.90523635514581,0.07549760276223047
predator_prey,carrying_capacity,20,100000,2,43003,1024,0.00125,-0.5439219053236093,0.0034236662367783644,-0.5438993970040297,-0.5466539123306978,-0.5451868089112962,2.945801057648212e-06,98288.49810555388,-0.5439429990863612,0.003390184887305527
predator_prey,half_saturation,20,100000,2,43003,1024,0.00125,0.020595384753707396,5.732651830985866e-05,0.02059941501138951,0.02070959403177854,0.020629191759471553,2.945801057648212e-06,98288.49810555388,0.020529547783642153,9.418781866310199e-05
predator_prey,s,20,100000,2,43003,1024,0.00125,4.477826442856487,0.010913375945880578,4.476479215656563,4.455622691389546,4.483716023508378,2.945801057648212e-06,98288.49810555388,4.487344015333499,0.008272440220880752
predator_prey,u,20,100000,2,43003,1024,0.00125,-8.73452396111151,0.01019673566241052,-8.734870236098402,-8.746089664708103,-8.74893110407862,2.945801057648212e-06,98288.49810555388,-8.732396460508888,0.02200260627864979
predator_prey,v,20,100000,2,43003,1024,0.00125,10.871516929299503,0.013080064624225628,10.871959927561647,10.886146219886058,10.888786667397387,2.945801057648212e-06,98288.49810555388,10.865451846125698,0.027696073479214173
predator_prey,r,20,100000,2,43003,1024,0.000625,-32.99179490331042,0.06298304903723279,-32.99007774464021,-32.7797858834924,-32.99031925828718,3.681874628212522e-07,99569.03971954607,-32.90523635514581,0.07549760276223047
predator_prey,carrying_capacity,20,100000,2,43003,1024,0.000625,-0.5439458890851276,0.0034243243390497382,-0.5439402586365042,-0.5466737976310192,-0.5452126345940848,3.681874628212522e-07,99569.03971954607,-0.5439429990863612,0.003390184887305527
predator_prey,half_saturation,20,100000,2,43003,1024,0.000625,0.020598399776570374,5.737361600566784e-05,0.02059940722540432,0.02071281283018608,0.02063203769874692,3.681874628212522e-07,99569.03971954607,0.020529547783642153,9.418781866310199e-05
predator_prey,s,20,100000,2,43003,1024,0.000625,4.476816048479702,0.010917495640127685,4.476479271289691,4.454626692577058,4.4827462360366725,3.681874628212522e-07,99569.03971954607,4.487344015333499,0.008272440220880752
predator_prey,u,20,100000,2,43003,1024,0.000625,-8.734774803318862,0.010199457899561701,-8.734861367082658,-8.746409536361304,-8.749179146684558,3.681874628212522e-07,99569.03971954607,-8.732396460508888,0.02200260627864979
predator_prey,v,20,100000,2,43003,1024,0.000625,10.871831689173868,0.013083258694210932,10.871942430915738,10.88654780302131,10.88909595677016,3.681874628212522e-07,99569.03971954607,10.865451846125698,0.027696073479214173
predator_prey,r,20,100000,2,43003,1024,0.0003125,-32.990537745430046,0.06299594395129073,-32.99010847013998,-32.778634776861686,-32.98913773782979,4.602225483474951e-08,99891.75585663742,-32.90523635514581,0.07549760276223047
predator_prey,carrying_capacity,20,100000,2,43003,1024,0.0003125,-0.543951887523651,0.0034244917212125766,-0.5439504797011133,-0.5466787523261067,-0.545219084884483,4.602225483474951e-08,99891.75585663742,-0.5439429990863612,0.003390184887305527
predator_prey,half_saturation,20,100000,2,43003,1024,0.0003125,0.020599153423917962,5.738548606654383e-05,0.02059940527897197,0.02071361738730264,0.020632749020879183,4.602225483474951e-08,99891.75585663742,0.020529547783642153,9.418781866310199e-05
predator_prey,s,20,100000,2,43003,1024,0.0003125,4.47656347764574,0.010918533177060518,4.476479285197381,4.454377686356279,4.482503818581658,4.602225483474951e-08,99891.75585663742,4.487344015333499,0.008272440220880752
predator_prey,u,20,100000,2,43003,1024,0.0003125,-8.734837509191463,0.010200164546310845,-8.734859149825525,-8.74648949519203,-8.749241148350576,4.602225483474951e-08,99891.75585663742,-8.732396460508888,0.02200260627864979
predator_prey,v,20,100000,2,43003,1024,0.0003125,10.871910371798899,0.013084089093590705,10.87193805675497,10.886648182107264,10.889173266181869,4.602225483474951e-08,99891.75585663742,10.865451846125698,0.027696073479214173
predator_prey,r,20,100000,17,43003,1024,0.00125,-33.033164260472645,0.06325348857297282,-33.0263265734961,-33.10600108802464,-33.11519582603002,2.7020756448758944e-06,98305.14884977698,-32.90523635514581,0.07549760276223047
predator_prey,carrying_capacity,20,100000,17,43003,1024,0.00125,-0.5535575476601324,0.0028869437271489148,-0.5535496800613315,-0.5502934552702363,-0.5510457720321011,2.7020756448758944e-06,98305.14884977698,-0.5439429990863612,0.003390184887305527
predator_prey,half_saturation,20,100000,17,43003,1024,0.00125,0.020667121047558697,6.674377599359926e-05,0.02067139641391691,0.020643500111191232,0.020618426872059784,2.7020756448758944e-06,98305.14884977698,0.020529547783642153,9.418781866310199e-05
predator_prey,s,20,100000,17,43003,1024,0.00125,4.456842985347811,0.011393945799857249,4.455521432596754,4.464903745043205,4.459697548564043,2.7020756448758944e-06,98305.14884977698,4.487344015333499,0.008272440220880752
predator_prey,u,20,100000,17,43003,1024,0.00125,-8.75561579272683,0.014483167965582388,-8.75605981495653,-8.761329315760317,-8.74827776294465,2.7020756448758944e-06,98305.14884977698,-8.732396460508888,0.02200260627864979
predator_prey,v,20,100000,17,43003,1024,0.00125,10.893838768748443,0.01806916366549121,10.894401136738452,10.899836421542688,10.884267633826315,2.7020756448758944e-06,98305.14884977698,10.865451846125698,0.027696073479214173
predator_prey,r,20,100000,17,43003,1024,0.000625,-33.02816263178174,0.06321350351043681,-33.026453122540524,-33.101538657348,-33.11062371389787,3.377627734876261e-07,99573.44480198246,-32.90523635514581,0.07549760276223047
predator_prey,carrying_capacity,20,100000,17,43003,1024,0.000625,-0.5535656908909399,0.002884585760217097,-0.5535637279915954,-0.5503103918981245,-0.5510596848325846,3.377627734876261e-07,99573.44480198246,-0.5439429990863612,0.003390184887305527
predator_prey,half_saturation,20,100000,17,43003,1024,0.000625,0.02067031989623497,6.680850267999682e-05,0.020671388625885356,0.020646295130849802,0.020621420409878684,3.377627734876261e-07,99573.44480198246,0.020529547783642153,9.418781866310199e-05
predator_prey,s,20,100000,17,43003,1024,0.000625,4.4558518694665965,0.011407039679664319,4.455521485169811,4.464051366677275,4.458730782702155,3.377627734876261e-07,99573.44480198246,4.487344015333499,0.008272440220880752
predator_prey,u,20,100000,17,43003,1024,0.000625,-8.755939980735528,0.014494824287631814,-8.756050953110162,-8.761624916374885,-8.7485807115153,3.377627734876261e-07,99573.44480198246,-8.732396460508888,0.02200260627864979
predator_prey,v,20,100000,17,43003,1024,0.000625,10.894243090169397,0.01808378514251208,10.894383641377203,10.900209772569905,10.884642110450137,3.377627734876261e-07,99573.44480198246,10.865451846125698,0.027696073479214173
predator_prey,r,20,100000,17,43003,1024,0.0003125,-33.02691214258615,0.06320351188303702,-33.02648475980163,-33.10042311419187,-33.10948065000365,4.222044963366106e-08,99892.8772421896,-32.90523635514581,0.07549760276223047
predator_prey,carrying_capacity,20,100000,17,43003,1024,0.0003125,-0.553567723697504,0.002883999801554863,-0.5535672332243778,-0.5503146230135322,-0.5510631634065372,4.222044963366106e-08,99892.8772421896,-0.5439429990863612,0.003390184887305527
predator_prey,half_saturation,20,100000,17,43003,1024,0.0003125,0.020671119503409437,6.682473122691281e-05,0.02067138667882773,0.020646993182377817,0.020622168561693393,4.222044963366106e-08,99892.8772421896,0.020529547783642153,9.418781866310199e-05
predator_prey,s,20,100000,17,43003,1024,0.0003125,4.455604094146455,0.011410327779538341,4.455521498310115,4.463838399219279,4.458489132015417,4.222044963366106e-08,99892.8772421896,4.487344015333499,0.008272440220880752
predator_prey,u,20,100000,17,43003,1024,0.0003125,-8.756020996622755,0.014497748267588153,-8.756048737643596,-8.761698712811787,-8.74865640137733,4.222044963366106e-08,99892.8772421896,-8.732396460508888,0.02200260627864979
predator_prey,v,20,100000,17,43003,1024,0.0003125,10.894344132275455,0.01808745312694535,10.89437926753476,10.900302979485108,10.884735673250711,4.222044963366106e-08,99892.8772421896,10.865451846125698,0.027696073479214173
predator_prey,r,20,100000,29,43003,1024,0.00125,-33.1420581185543,0.043331802511158014,-33.135341968166664,-33.114416748488516,-33.152192980807904,2.915770449589474e-06,98291.17554506508,-32.90523635514581,0.07549760276223047
predator_prey,carrying_capacity,20,100000,29,43003,1024,0.00125,-0.5548108834474774,0.002717222968181887,-0.5547876515631537,-0.5555083958432971,-0.557459835815909,2.915770449589474e-06,98291.17554506508,-0.5439429990863612,0.003390184887305527
predator_prey,half_saturation,20,100000,29,43003,1024,0.00125,0.020609785829725003,4.075957712236366e-05,0.020613813264844794,0.020688279181367317,0.020649522204099578,2.915770449589474e-06,98291.17554506508,0.020529547783642153,9.418781866310199e-05
predator_prey,s,20,100000,29,43003,1024,0.00125,4.47507809198423,0.007735051333020583,4.4737431495936635,4.469277661821323,4.471826896868729,2.915770449589474e-06,98291.17554506508,4.487344015333499,0.008272440220880752
predator_prey,u,20,100000,29,43003,1024,0.00125,-8.747642528980252,0.008914506719044894,-8.748013250307451,-8.767919885904144,-8.757381889811851,2.915770449589474e-06,98291.17554506508,-8.732396460508888,0.02200260627864979
predator_prey,v,20,100000,29,43003,1024,0.00125,10.885131202884693,0.010904873799763444,10.885602367569902,10.90893076420919,10.896756723161204,2.915770449589474e-06,98291.17554506508,10.865451846125698,0.027696073479214173
predator_prey,r,20,100000,29,43003,1024,0.000625,-33.13715007002718,0.04328635344264165,-33.13547103630062,-33.10952162393839,-33.147261352320804,3.6448424686638044e-07,99569.86249421781,-32.90523635514581,0.07549760276223047
predator_prey,carrying_capacity,20,100000,29,43003,1024,0.000625,-0.554836136986997,0.002716453231166693,-0.5548303275785832,-0.5555136926361673,-0.5574693192907096,3.6448424686638044e-07,99569.86249421781,-0.5439429990863612,0.003390184887305527
predator_prey,half_saturation,20,100000,29,43003,1024,0.000625,0.02061279867894384,4.081093792581241e-05,0.02061380550924241,0.02069139367050919,0.020652575253487578,3.6448424686638044e-07,99569.86249421781,0.020529547783642153,9.418781866310199e-05
predator_prey,s,20,100000,29,43003,1024,0.000625,4.474076930371945,0.007755006789833579,4.47374320251015,4.468203195801205,4.470802570207383,3.6448424686638044e-07,99569.86249421781,4.487344015333499,0.008272440220880752
predator_prey,u,20,100000,29,43003,1024,0.000625,-8.747911705508953,0.008923787967641721,-8.748004393879683,-8.768167691847383,-8.757644353026102,3.6448424686638044e-07,99569.86249421781,-8.732396460508888,0.02200260627864979
predator_prey,v,20,100000,29,43003,1024,0.000625,10.885467102367938,0.010918959095436278,10.885584900634626,10.90924754005455,10.89708758085992,3.6448424686638044e-07,99569.86249421781,10.865451846125698,0.027696073479214173
predator_prey,r,20,100000,29,43003,1024,0.0003125,-33.135923061512536,0.04327505222402548,-33.135503303327596,-33.108297972577525,-33.14602856945347,4.556094454090161e-08,99891.91642593454,-32.90523635514581,0.07549760276223047
predator_prey,carrying_capacity,20,100000,29,43003,1024,0.0003125,-0.5548424514121498,0.0027162649936075646,-0.5548409989676142,-0.5555150151426522,-0.5574716850537504,4.556094454090161e-08,99891.91642593454,-0.5439429990863612,0.003390184887305527
predator_prey,half_saturation,20,100000,29,43003,1024,0.0003125,0.020613551864524262,4.0823912313780184e-05,0.020613803570313394,0.020692172087535626,0.020653338398557968,4.556094454090161e-08,99891.91642593454,0.020529547783642153,9.418781866310199e-05
predator_prey,s,20,100000,29,43003,1024,0.0003125,4.473826647222714,0.007760020367234211,4.473743215745192,4.467934658799,4.470546529029065,4.556094454090161e-08,99891.91642593454,4.487344015333499,0.008272440220880752
predator_prey,u,20,100000,29,43003,1024,0.0003125,-8.747979007179108,0.008926129598074845,-8.748002179771674,-8.768229641967876,-8.757709974578562,4.556094454090161e-08,99891.91642593454,-8.732396460508888,0.02200260627864979
predator_prey,v,20,100000,29,43003,1024,0.0003125,10.885551083892212,0.010922506333405297,10.88558053389761,10.909326732117758,10.897170301116457,4.556094454090161e-08,99891.91642593454,10.865451846125698,0.027696073479214173
sir_d18,log_kappa_scale,20,10000,2,43003,1024,0.04,115.77112583541549,160.57052297943852,32.00136013981698,-87.83715108272219,107.57967333105256,6.84500667606619,1.0000000016686843,106.31321060956161,5.536173560871283
sir_d18,log_nu_scale,20,10000,2,43003,1024,0.04,6.3348037150881,76.52528424008798,-20.864919224894862,-103.18229166705078,-23.463549305878935,6.84500667606619,1.0000000016686843,-65.96030982334602,2.420378243514079
sir_d18,log_observation_noise_scale,20,10000,2,43003,1024,0.04,6.826927386823144,1.6761905963140065,5.773980762509201,7.46720567665916,6.524457748283253,6.84500667606619,1.0000000016686843,5.586349526469918,0.03537819196547298
sir_d18,log_kappa_scale,20,10000,2,43003,1024,0.02,242.60692366022383,128.1987928439723,259.7285827507861,60.36353597785862,249.44808258139588,2.847820596003386,1.001369249962719,106.31321060956161,5.536173560871283
sir_d18,log_nu_scale,20,10000,2,43003,1024,0.02,-59.67555971302231,46.859362610486464,-17.544685991318953,-147.4961816088635,-92.9601047993917,2.847820596003386,1.001369249962719,-65.96030982334602,2.420378243514079
sir_d18,log_observation_noise_scale,20,10000,2,43003,1024,0.02,6.301546258108254,1.3516630372802132,5.645243112356879,7.389333035908992,6.315912533583217,2.847820596003386,1.001369249962719,5.586349526469918,0.03537819196547298
sir_d18,log_kappa_scale,20,10000,2,43003,1024,0.01,224.9064627672146,88.77948417011451,276.8764792187593,89.52665417155163,252.75964195687556,0.8464159741581222,1.1668809863832728,106.31321060956161,5.536173560871283
sir_d18,log_nu_scale,20,10000,2,43003,1024,0.01,-84.76814019536025,30.531327909321742,-60.06451123766458,-133.5967110382504,-121.67482054371482,0.8464159741581222,1.1668809863832728,-65.96030982334602,2.420378243514079
sir_d18,log_observation_noise_scale,20,10000,2,43003,1024,0.01,6.619643461370283,1.0290315081732515,5.613068080730654,7.203199046756964,6.147680036031239,0.8464159741581222,1.1668809863832728,5.586349526469918,0.03537819196547298
sir_d18,log_kappa_scale,20,10000,17,43003,1024,0.04,143.09427462113007,86.37118564686084,18.404652005869693,204.87021762462518,107.3785241080941,7.724060861427049,1.0000019424242854,106.31321060956161,5.536173560871283
sir_d18,log_nu_scale,20,10000,17,43003,1024,0.04,-109.80357381224334,45.12871228971024,-128.55878791559476,-245.13880202005328,-187.14436317756554,7.724060861427049,1.0000019424242854,-65.96030982334602,2.420378243514079
sir_d18,log_observation_noise_scale,20,10000,17,43003,1024,0.04,2.2804824586397627,2.7749775396506635,5.903695161156403,4.2061531683000775,4.602125384692841,7.724060861427049,1.0000019424242854,5.586349526469918,0.03537819196547298
sir_d18,log_kappa_scale,20,10000,17,43003,1024,0.02,278.2750103459186,82.8680873732597,255.84139847092828,332.7854634625474,274.70628030297917,3.0030215940037115,1.0023556553177084,106.31321060956161,5.536173560871283
sir_d18,log_nu_scale,20,10000,17,43003,1024,0.02,-153.55382407346704,46.75693167637554,-104.05090452910497,-289.4823186412146,-251.68133057871822,3.0030215940037115,1.0023556553177084,-65.96030982334602,2.420378243514079
sir_d18,log_observation_noise_scale,20,10000,17,43003,1024,0.02,2.6910516891627796,2.624789309065536,5.776412328221203,4.995366561885388,5.36058330856913,3.0030215940037115,1.0023556553177084,5.586349526469918,0.03537819196547298
sir_d18,log_kappa_scale,20,10000,17,43003,1024,0.01,276.8009293207757,55.80059562733689,301.477084432855,293.35115394162125,262.26750073280004,0.7655385900332782,1.2490288480493728,106.31321060956161,5.536173560871283
sir_d18,log_nu_scale,20,10000,17,43003,1024,0.01,-164.64801974941034,34.56474764346308,-104.548857179891,-257.0436136574379,-226.4955074258299,0.7655385900332782,1.2490288480493728,-65.96030982334602,2.420378243514079
sir_d18,log_observation_noise_scale,20,10000,17,43003,1024,0.01,4.213418678162058,1.6487443469896947,5.7446049475242456,5.515422350026467,5.551629367713822,0.7655385900332782,1.2490288480493728,5.586349526469918,0.03537819196547298
sir_d18,log_kappa_scale,20,10000,29,43003,1024,0.04,-64.99567793592433,60.531317037392775,-307.5830271376297,-45.357940521181206,-41.89859172258821,7.62476659219761,1.0000009319377103,106.31321060956161,5.536173560871283
sir_d18,log_nu_scale,20,10000,29,43003,1024,0.04,-69.21444063192445,58.666263593666116,-260.9713596290479,-73.49397316511397,-52.03215809838407,7.62476659219761,1.0000009319377103,-65.96030982334602,2.420378243514079
sir_d18,log_observation_noise_scale,20,10000,29,43003,1024,0.04,5.5076637018126595,2.4183963316332306,5.692409498268169,5.866712875469003,5.735523567278893,7.62476659219761,1.0000009319377103,5.586349526469918,0.03537819196547298
sir_d18,log_kappa_scale,20,10000,29,43003,1024,0.02,66.0747049423982,55.44800016706221,-42.382663477603266,112.83224003324008,112.84185472054915,2.8741697862874034,1.0040212799848218,106.31321060956161,5.536173560871283
sir_d18,log_nu_scale,20,10000,29,43003,1024,0.02,-107.1399492997512,37.37326663008036,-195.36769875886682,-127.28388292430866,-103.61231129659471,2.8741697862874034,1.0040212799848218,-65.96030982334602,2.420378243514079
sir_d18,log_observation_noise_scale,20,10000,29,43003,1024,0.02,6.153479762802549,1.4416418520744316,5.563625798108318,6.349219734293879,6.055646194357885,2.8741697862874034,1.0040212799848218,5.586349526469918,0.03537819196547298
sir_d18,log_kappa_scale,20,10000,29,43003,1024,0.01,90.45395637279263,34.29364388495851,36.988287619475365,113.74512538284644,135.30193548910265,0.7752970430489599,1.3444401433227322,106.31321060956161,5.536173560871283
sir_d18,log_nu_scale,20,10000,29,43003,1024,0.01,-92.05919391154231,11.773616170505441,-95.58515711220112,-88.98413188945405,-89.47710899661502,0.7752970430489599,1.3444401433227322,-65.96030982334602,2.420378243514079
sir_d18,log_observation_noise_scale,20,10000,29,43003,1024,0.01,5.517293182816428,0.6495704910542871,5.5314382387983585,5.754225545872948,5.697184897281754,0.7752970430489599,1.3444401433227322,5.586349526469918,0.03537819196547298
sir_d18,log_kappa_scale,40,10000,2,43003,1024,0.000625,112.7723763355513,12.588096695325715,112.6014780627564,102.90034429285859,91.1135760887629,4.8974736533192904e-05,3206.6696812533646,106.31321060956161,5.536173560871283
sir_d18,log_nu_scale,40,10000,2,43003,1024,0.000625,-65.247734668684,5.632430272210398,-65.21917730814053,-62.19642977851031,-60.68681794711769,4.8974736533192904e-05,3206.6696812533646,-65.96030982334602,2.420378243514079
sir_d18,log_observation_noise_scale,40,10000,2,43003,1024,0.000625,5.581926368852875,0.0858767781984184,5.5761187844282745,5.796839215631041,5.694701884198194,4.8974736533192904e-05,3206.6696812533646,5.586349526469918,0.03537819196547298
sir_d18,log_kappa_scale,40,10000,2,43003,1024,0.0003125,112.69879723819176,12.458737262869336,112.65321131291586,103.32646750047599,90.80251851360806,5.84444005213894e-06,4220.893210967234,106.31321060956161,5.536173560871283
sir_d18,log_nu_scale,40,10000,2,43003,1024,0.0003125,-65.17982300873003,5.502055926112049,-65.17561349448044,-62.09346071383749,-60.3959988146895,5.84444005213894e-06,4220.893210967234,-65.96030982334602,2.420378243514079
sir_d18,log_observation_noise_scale,40,10000,2,43003,1024,0.0003125,5.577548793681088,0.08610855914761695,5.576087423499132,5.790686930285097,5.688035616460536,5.84444005213894e-06,4220.893210967234,5.586349526469918,0.03537819196547298
sir_d18,log_kappa_scale,40,10000,2,43003,1024,0.00015625,112.68521690517876,12.42847326120426,112.67364397287452,103.43685464607397,90.73570744848968,7.23902864957656e-07,4548.620122717992,106.31321060956161,5.536173560871283
sir_d18,log_nu_scale,40,10000,2,43003,1024,0.00015625,-65.16559060131198,5.471970529400971,-65.16472239452185,-62.07036934559338,-60.33055116569631,7.23902864957656e-07,4548.620122717992,-65.96030982334602,2.420378243514079
sir_d18,log_observation_noise_scale,40,10000,2,43003,1024,0.00015625,5.576445566303924,0.08618323984834984,5.576079583070737,5.789124489472429,5.68632723513921,7.23902864957656e-07,4548.620122717992,5.586349526469918,0.03537819196547298
