model,parameter,rank,paths,radius,design_seed,design_points,fits,mean_score,between_fit_mcse,between_fit_95_t_halfwidth,conditional_jackknife_se_of_mean,central_minus_quadratic_mean,heldout_rms_max,minimum_ess,bootstrap_score,bootstrap_mcse,score_minus_bootstrap
predator_prey,carrying_capacity,20,10000,0.00125,43003,1024,3,-0.558647589664842,0.008334233644696242,0.03585931314307068,0.005890519601232262,5.411312757034696e-06,2.944912340906119e-06,9824.376141431974,-0.5439429990863612,0.003390184887305527,-0.014704590578480725
predator_prey,carrying_capacity,20,10000,0.0025,43003,1024,3,-0.5586238198470788,0.00834499620377936,0.03590562069729049,0.0058819154458827315,2.2136898158072366e-05,2.362927677131659e-05,9312.776155579231,-0.5439429990863612,0.003390184887305527,-0.014680820760717528
predator_prey,carrying_capacity,20,10000,0.005,43003,1024,3,-0.5585233247346507,0.008388380634350948,0.036092288835924975,0.0058548630627958615,9.630686568899242e-05,0.00019119763751169084,7492.831457499777,-0.5439429990863612,0.003390184887305527,-0.014580325648289483
predator_prey,carrying_capacity,20,100000,0.0003125,43003,1024,3,-0.5507873542111016,0.0034374863060603277,0.014790309838803093,0.001745556069296476,1.1169133998049456e-06,4.602225483474951e-08,99891.75585663742,-0.5439429990863612,0.003390184887305527,-0.006844355124740353
predator_prey,carrying_capacity,20,100000,0.000625,43003,1024,3,-0.5507825723210215,0.003437959015254579,0.014792343742308192,0.0017456597079668968,4.467585460576906e-06,3.681874628212522e-07,99569.03971954607,-0.5439429990863612,0.003390184887305527,-0.006839573234660223
predator_prey,carrying_capacity,20,100000,0.00125,43003,1024,3,-0.550763445477073,0.003439850597654526,0.014800482564485176,0.0017460824482059443,1.7869267568082492e-05,2.945801057648212e-06,98288.49810555388,-0.5439429990863612,0.003390184887305527,-0.006820446390711776
predator_prey,half_saturation,20,10000,0.00125,43003,1024,3,0.020413744609362277,4.7982696052699544e-05,0.00020645287815965064,0.00011700634744126846,4.457283470815643e-06,2.944912340906119e-06,9824.376141431974,0.020529547783642153,9.418781866310199e-05,-0.00011580317427987638
predator_prey,half_saturation,20,10000,0.0025,43003,1024,3,0.020400391078190323,4.7846557136545004e-05,0.00020586711968041113,0.00011705732891099664,1.7842172257939947e-05,2.362927677131659e-05,9312.776155579231,0.020529547783642153,9.418781866310199e-05,-0.0001291567054518307
predator_prey,half_saturation,20,10000,0.005,43003,1024,3,0.0203467823757308,4.719983496830974e-05,0.00020308449877775954,0.00011734092376687267,7.157630559026056e-05,0.00019119763751169084,7492.831457499777,0.020529547783642153,9.418781866310199e-05,-0.00018276540791135193
predator_prey,half_saturation,20,100000,0.0003125,43003,1024,3,0.020627941597283886,2.1985430448469095e-05,9.459567233738001e-05,3.2361208827933086e-05,2.569120871447987e-07,4.602225483474951e-08,99891.75585663742,0.020529547783642153,9.418781866310199e-05,9.839381364173255e-05
predator_prey,half_saturation,20,100000,0.000625,43003,1024,3,0.020627172783916396,2.19703366190569e-05,9.453072883105481e-05,3.235332800723475e-05,1.0276695943008118e-06,3.681874628212522e-07,99569.03971954607,0.020529547783642153,9.418781866310199e-05,9.762500027424292e-05
predator_prey,half_saturation,20,100000,0.00125,43003,1024,3,0.020624097210330365,2.1909934390619006e-05,9.42708390179738e-05,3.2321998808187435e-05,4.1110197200391885e-06,2.945801057648212e-06,98288.49810555388,0.020529547783642153,9.418781866310199e-05,9.454942668821187e-05
predator_prey,r,20,10000,0.00125,43003,1024,3,-33.30402277080864,0.09266229694127807,0.3986936848942393,0.11470862610198519,0.006957636686912849,2.944912340906119e-06,9824.376141431974,-32.90523635514581,0.07549760276223047,-0.39878641566283335
predator_prey,r,20,10000,0.0025,43003,1024,3,-33.32435139211073,0.09333486976755469,0.40158753220128246,0.11475845512932957,0.027832977337105547,2.362927677131659e-05,9312.776155579231,-32.90523635514581,0.07549760276223047,-0.4191150369649179
predator_prey,r,20,10000,0.005,43003,1024,3,-33.40570031837916,0.09604927139222873,0.41326665976176186,0.11508099482053984,0.11136880396046915,0.00019119763751169084,7492.831457499777,-32.90523635514581,0.07549760276223047,-0.5004639632333507
predator_prey,r,20,100000,0.0003125,43003,1024,3,-33.05112431650958,0.04368025701112986,0.18794097707216398,0.03305870706226105,0.00042547208650726515,4.602225483474951e-08,99891.75585663742,-32.90523635514581,0.07549760276223047,-0.14588796136376914
predator_prey,r,20,100000,0.000625,43003,1024,3,-33.05236920170645,0.04367111800513095,0.18790165510305412,0.0330597437081747,0.001701900545995727,3.681874628212522e-07,99569.03971954607,-32.90523635514581,0.07549760276223047,-0.14713284656063763
predator_prey,r,20,100000,0.00125,43003,1024,3,-33.0573489253707,0.04363439765108221,0.18774366017146296,0.03306394595923164,0.006807797278485832,2.945801057648212e-06,98288.49810555388,-32.90523635514581,0.07549760276223047,-0.15211257022488667
predator_prey,s,20,10000,0.00125,43003,1024,3,4.507174207187826,0.017858489717888476,0.07683887953676528,0.02070104437497575,-0.0013150430787035223,2.944912340906119e-06,9824.376141431974,4.487344015333499,0.008272440220880752,0.019830191854326884
predator_prey,s,20,10000,0.0025,43003,1024,3,4.511119499622413,0.017898907421050814,0.07701278287761346,0.020622370834078068,-0.005260663596135491,2.362927677131659e-05,9312.776155579231,4.487344015333499,0.008272440220880752,0.023775484288913518
predator_prey,s,20,10000,0.005,43003,1024,3,4.526907392974293,0.018044755000062418,0.07764031436159868,0.02034631272766255,-0.021049869279394784,0.00019119763751169084,7492.831457499777,4.487344015333499,0.008272440220880752,0.03956337764079354
predator_prey,s,20,100000,0.0003125,43003,1024,3,4.468664739671636,0.006577940567835597,0.02830259394139195,0.00586541523466124,-8.340658740735307e-05,4.602225483474951e-08,99891.75585663742,4.487344015333499,0.008272440220880752,-0.018679275661862782
predator_prey,s,20,100000,0.000625,43003,1024,3,4.468914949439415,0.006579228318079117,0.028308134683492678,0.005863753022842095,-0.00033362978286414585,3.681874628212522e-07,99569.03971954607,4.487344015333499,0.008272440220880752,-0.018429065894084218
predator_prey,s,20,100000,0.00125,43003,1024,3,4.469915840062843,0.006584400907435133,0.02833039053920605,0.005857139940568956,-0.001334574113849148,2.945801057648212e-06,98288.49810555388,4.487344015333499,0.008272440220880752,-0.017428175270656432
predator_prey,u,20,10000,0.00125,43003,1024,3,-8.716049918455182,0.0032849238973120527,0.014133886774320488,0.023773971854300805,-0.0004947766017184089,2.944912340906119e-06,9824.376141431974,-8.732396460508888,0.02200260627864979,0.01634654205370545
predator_prey,u,20,10000,0.0025,43003,1024,3,-8.714597315737027,0.003269646521825566,0.014068153532977676,0.02375928840862118,-0.001982697564202477,2.362927677131659e-05,9312.776155579231,-8.732396460508888,0.02200260627864979,0.017799144771860398
predator_prey,u,20,10000,0.005,43003,1024,3,-8.708732902823987,0.003271188195580582,0.014074786819768328,0.02371356924320796,-0.007988382513208473,0.00019119763751169084,7492.831457499777,-8.732396460508888,0.02200260627864979,0.023663557684900027
predator_prey,u,20,100000,0.0003125,43003,1024,3,-8.746279170997775,0.006173926822275971,0.026564263096138147,0.006615670380105101,-2.418474915621971e-05,4.602225483474951e-08,99891.75585663742,-8.732396460508888,0.02200260627864979,-0.013882710488887895
predator_prey,u,20,100000,0.000625,43003,1024,3,-8.746208829854448,0.00616890111475208,0.026542639221940743,0.006614486326454482,-9.674150305312897e-05,3.681874628212522e-07,99569.03971954607,-8.732396460508888,0.02200260627864979,-0.013812369345560072
predator_prey,u,20,100000,0.00125,43003,1024,3,-8.745927427606198,0.006148780902605142,0.026456068936220326,0.006609790739100116,-0.00038700618126341624,2.945801057648212e-06,98288.49810555388,-8.732396460508888,0.02200260627864979,-0.013530967097310054
predator_prey,v,20,10000,0.00125,43003,1024,3,10.847440366538292,0.002759842501127197,0.011874643871600093,0.02961555332997981,0.000627587439335997,2.944912340906119e-06,9824.376141431974,10.865451846125698,0.027696073479214173,-0.018011479587405788
predator_prey,v,20,10000,0.0025,43003,1024,3,10.845623122785918,0.002744930397245699,0.011810482267125647,0.029600282125310948,0.0025145373797919035,2.362927677131659e-05,9312.776155579231,10.865451846125698,0.027696073479214173,-0.019828723339779586
predator_prey,v,20,10000,0.005,43003,1024,3,10.838291187691237,0.0027720105854117374,0.011926998912664763,0.02955583550428563,0.010125294505181515,0.00019119763751169084,7492.831457499777,10.865451846125698,0.027696073479214173,-0.027160658434461027
predator_prey,v,20,100000,0.0003125,43003,1024,3,10.883935195988855,0.006526273121443581,0.0280802868621258,0.008284191723676977,3.075674025806071e-05,4.602225483474951e-08,99891.75585663742,10.865451846125698,0.027696073479214173,0.018483349863156917
predator_prey,v,20,100000,0.000625,43003,1024,3,10.883847293903735,0.006520111406029846,0.028053775140479957,0.008282636529162795,0.00012303040545447175,3.681874628212522e-07,99569.03971954607,10.865451846125698,0.027696073479214173,0.01839544777803681
predator_prey,v,20,100000,0.00125,43003,1024,3,10.883495633644213,0.006495445690414469,0.02794764713185224,0.008276466226147175,0.0004921769791206287,2.945801057648212e-06,98288.49810555388,10.865451846125698,0.027696073479214173,0.018043787518514876
sir_d18,log_kappa_scale,20,10000,0.01,43003,1024,3,197.38711615359432,55.525622944875686,238.90747314379348,36.77492698502539,7.726834270102242,0.8464159741581222,1.1668809863832728,106.31321060956161,5.536173560871283,91.07390554403271
sir_d18,log_kappa_scale,20,10000,0.02,43003,1024,3,195.65221298284686,65.60183189625619,282.2619010956072,54.13617717702528,-37.923107068143175,3.0030215940037115,1.001369249962719,106.31321060956161,5.536173560871283,89.33900237328525
sir_d18,log_kappa_scale,20,10000,0.04,43003,1024,3,64.62324084020707,65.28766267683247,280.91014004599964,64.03724168379266,-150.3489125041881,7.724060861427049,1.0000000016686843,106.31321060956161,5.536173560871283,-41.68996976935453
sir_d18,log_kappa_scale,40,10000,0.00015625,43003,1024,1,112.68521690517876,,,12.42847326120426,-0.011572932304247274,7.23902864957656e-07,4548.620122717992,106.31321060956161,5.536173560871283,6.372006295617155
sir_d18,log_kappa_scale,40,10000,0.0003125,43003,1024,1,112.69879723819176,,,12.458737262869336,-0.04558592527590122,5.84444005213894e-06,4220.893210967234,106.31321060956161,5.536173560871283,6.385586628630151
sir_d18,log_kappa_scale,40,10000,0.000625,43003,1024,1,112.7723763355513,,,12.588096695325715,-0.17089827279490066,4.8974736533192904e-05,3206.6696812533646,106.31321060956161,5.536173560871283,6.459165725989692
sir_d18,log_nu_scale,20,10000,0.01,43003,1024,3,-113.82511795210429,25.49846646628658,109.71104634971904,15.86576258381271,27.092276108852065,0.8464159741581222,1.1668809863832728,-65.96030982334602,2.420378243514079,-47.86480812875827
sir_d18,log_nu_scale,20,10000,0.02,43003,1024,3,-106.78977769541352,27.100886178295294,116.60570189805698,25.33941063651504,1.135347935649932,3.0030215940037115,1.001369249962719,-65.96030982334602,2.420378243514079,-40.8294678720675
sir_d18,log_nu_scale,20,10000,0.04,43003,1024,3,-57.56107024302656,34.02881849617014,146.41418879820174,35.48779177406603,-79.23728534681929,7.724060861427049,1.0000000016686843,-65.96030982334602,2.420378243514079,8.39923958031946
sir_d18,log_nu_scale,40,10000,0.00015625,43003,1024,1,-65.16559060131198,,,5.471970529400971,0.0008682067901304436,7.23902864957656e-07,4548.620122717992,-65.96030982334602,2.420378243514079,0.7947192220340469
sir_d18,log_nu_scale,40,10000,0.0003125,43003,1024,1,-65.17982300873003,,,5.502055926112049,0.004209514249581048,5.84444005213894e-06,4220.893210967234,-65.96030982334602,2.420378243514079,0.7804868146159976
sir_d18,log_nu_scale,40,10000,0.000625,43003,1024,1,-65.247734668684,,,5.632430272210398,0.028557360543473465,4.8974736533192904e-05,3206.6696812533646,-65.96030982334602,2.420378243514079,0.7125751546620194
sir_d18,log_observation_noise_scale,20,10000,0.01,43003,1024,3,5.450118440782923,0.6954288272490144,2.9921887420219684,0.6830654425612283,0.17958531490149632,0.8464159741581222,1.1668809863832728,5.586349526469918,0.03537819196547298,-0.13623108568699482
sir_d18,log_observation_noise_scale,20,10000,0.02,43003,1024,3,5.048692570024528,1.1795951020146627,5.075388085873357,1.095183551992131,0.6130678428709392,3.0030215940037115,1.001369249962719,5.586349526469918,0.03537819196547298,-0.5376569564453897
sir_d18,log_observation_noise_scale,20,10000,0.04,43003,1024,3,4.871691182425189,1.3504179791596789,5.810379604552659,1.3481986367657903,0.9183372915527356,7.724060861427049,1.0000000016686843,5.586349526469918,0.03537819196547298,-0.7146583440447287
sir_d18,log_observation_noise_scale,40,10000,0.00015625,43003,1024,1,5.576445566303924,,,0.08618323984834984,-0.00036598323318770554,7.23902864957656e-07,4548.620122717992,5.586349526469918,0.03537819196547298,-0.009903960165993375
sir_d18,log_observation_noise_scale,40,10000,0.0003125,43003,1024,1,5.577548793681088,,,0.08610855914761695,-0.0014613701819561342,5.84444005213894e-06,4220.893210967234,5.586349526469918,0.03537819196547298,-0.008800732788829535
sir_d18,log_observation_noise_scale,40,10000,0.000625,43003,1024,1,5.581926368852875,,,0.0858767781984184,-0.005807584424600165,4.8974736533192904e-05,3206.6696812533646,5.586349526469918,0.03537819196547298,-0.004423157617043039
