horizon,data_seed,method,heuristic,particle_score_l2_error,heuristic_score_l2_error,observed_loss,verdict
10,213001,iid_dual_cap,zero_score,0.1460174331672409,0.9579437417530811,False,no_observed_loss
10,213001,iid_dual_cap,first_observation_only,0.1460174331672409,0.3373424727875552,False,no_observed_loss
10,213002,iid_dual_cap,zero_score,0.1296055805353664,1.0167841735635759,False,no_observed_loss
10,213002,iid_dual_cap,first_observation_only,0.1296055805353664,0.13700530272964628,False,no_observed_loss
10,213003,iid_dual_cap,zero_score,0.12179213961262207,2.187762645928605,False,no_observed_loss
10,213003,iid_dual_cap,first_observation_only,0.12179213961262207,1.426571385865328,False,no_observed_loss
10,213004,iid_dual_cap,zero_score,0.4746630987110263,1.2319748896897993,False,no_observed_loss
10,213004,iid_dual_cap,first_observation_only,0.4746630987110263,2.123392690629533,False,no_observed_loss
10,213005,iid_dual_cap,zero_score,0.32283177493840587,0.8353523529871906,False,no_observed_loss
10,213005,iid_dual_cap,first_observation_only,0.32283177493840587,1.6603889416588244,False,no_observed_loss
10,213006,iid_dual_cap,zero_score,0.12243904695906985,1.4417447817476459,False,no_observed_loss
10,213006,iid_dual_cap,first_observation_only,0.12243904695906985,1.348541279425755,False,no_observed_loss
10,213007,iid_dual_cap,zero_score,0.18717931121249665,1.056246369976566,False,no_observed_loss
10,213007,iid_dual_cap,first_observation_only,0.18717931121249665,0.220637823908685,False,no_observed_loss
10,213008,iid_dual_cap,zero_score,0.2018979970172241,0.29046392642717567,False,no_observed_loss
10,213008,iid_dual_cap,first_observation_only,0.2018979970172241,0.5718385708447542,False,no_observed_loss
10,213001,previous_inverse_cdf,zero_score,0.06429722357273795,0.9579437417530811,False,no_observed_loss
10,213001,previous_inverse_cdf,first_observation_only,0.06429722357273795,0.3373424727875552,False,no_observed_loss
10,213001,previous_inverse_cdf,iid_dual_cap,0.06429722357273795,0.1460174331672409,False,no_observed_loss
10,213002,previous_inverse_cdf,zero_score,0.09572945547556332,1.0167841735635759,False,no_observed_loss
10,213002,previous_inverse_cdf,first_observation_only,0.09572945547556332,0.13700530272964628,False,no_observed_loss
10,213002,previous_inverse_cdf,iid_dual_cap,0.09572945547556332,0.1296055805353664,False,no_observed_loss
10,213003,previous_inverse_cdf,zero_score,0.16079381344678442,2.187762645928605,False,no_observed_loss
10,213003,previous_inverse_cdf,first_observation_only,0.16079381344678442,1.426571385865328,False,no_observed_loss
10,213003,previous_inverse_cdf,iid_dual_cap,0.16079381344678442,0.12179213961262207,True,promotion_veto_in_this_case
10,213004,previous_inverse_cdf,zero_score,0.42711623745556854,1.2319748896897993,False,no_observed_loss
10,213004,previous_inverse_cdf,first_observation_only,0.42711623745556854,2.123392690629533,False,no_observed_loss
10,213004,previous_inverse_cdf,iid_dual_cap,0.42711623745556854,0.4746630987110263,False,no_observed_loss
10,213005,previous_inverse_cdf,zero_score,0.20386827392635773,0.8353523529871906,False,no_observed_loss
10,213005,previous_inverse_cdf,first_observation_only,0.20386827392635773,1.6603889416588244,False,no_observed_loss
10,213005,previous_inverse_cdf,iid_dual_cap,0.20386827392635773,0.32283177493840587,False,no_observed_loss
10,213006,previous_inverse_cdf,zero_score,0.03929304161292948,1.4417447817476459,False,no_observed_loss
10,213006,previous_inverse_cdf,first_observation_only,0.03929304161292948,1.348541279425755,False,no_observed_loss
10,213006,previous_inverse_cdf,iid_dual_cap,0.03929304161292948,0.12243904695906985,False,no_observed_loss
10,213007,previous_inverse_cdf,zero_score,0.12382981064795953,1.056246369976566,False,no_observed_loss
10,213007,previous_inverse_cdf,first_observation_only,0.12382981064795953,0.220637823908685,False,no_observed_loss
10,213007,previous_inverse_cdf,iid_dual_cap,0.12382981064795953,0.18717931121249665,False,no_observed_loss
10,213008,previous_inverse_cdf,zero_score,0.18866853213192164,0.29046392642717567,False,no_observed_loss
10,213008,previous_inverse_cdf,first_observation_only,0.18866853213192164,0.5718385708447542,False,no_observed_loss
10,213008,previous_inverse_cdf,iid_dual_cap,0.18866853213192164,0.2018979970172241,False,no_observed_loss
10,213001,repaired_permutation,zero_score,0.06631378422607025,0.9579437417530811,False,no_observed_loss
10,213001,repaired_permutation,first_observation_only,0.06631378422607025,0.3373424727875552,False,no_observed_loss
10,213001,repaired_permutation,iid_dual_cap,0.06631378422607025,0.1460174331672409,False,no_observed_loss
10,213002,repaired_permutation,zero_score,0.09752199544264926,1.0167841735635759,False,no_observed_loss
10,213002,repaired_permutation,first_observation_only,0.09752199544264926,0.13700530272964628,False,no_observed_loss
10,213002,repaired_permutation,iid_dual_cap,0.09752199544264926,0.1296055805353664,False,no_observed_loss
10,213003,repaired_permutation,zero_score,0.15931914551195517,2.187762645928605,False,no_observed_loss
10,213003,repaired_permutation,first_observation_only,0.15931914551195517,1.426571385865328,False,no_observed_loss
10,213003,repaired_permutation,iid_dual_cap,0.15931914551195517,0.12179213961262207,True,promotion_veto_in_this_case
10,213004,repaired_permutation,zero_score,0.42676708477768216,1.2319748896897993,False,no_observed_loss
10,213004,repaired_permutation,first_observation_only,0.42676708477768216,2.123392690629533,False,no_observed_loss
10,213004,repaired_permutation,iid_dual_cap,0.42676708477768216,0.4746630987110263,False,no_observed_loss
10,213005,repaired_permutation,zero_score,0.21001862500877988,0.8353523529871906,False,no_observed_loss
10,213005,repaired_permutation,first_observation_only,0.21001862500877988,1.6603889416588244,False,no_observed_loss
10,213005,repaired_permutation,iid_dual_cap,0.21001862500877988,0.32283177493840587,False,no_observed_loss
10,213006,repaired_permutation,zero_score,0.04193601861378159,1.4417447817476459,False,no_observed_loss
10,213006,repaired_permutation,first_observation_only,0.04193601861378159,1.348541279425755,False,no_observed_loss
10,213006,repaired_permutation,iid_dual_cap,0.04193601861378159,0.12243904695906985,False,no_observed_loss
10,213007,repaired_permutation,zero_score,0.12094746397773483,1.056246369976566,False,no_observed_loss
10,213007,repaired_permutation,first_observation_only,0.12094746397773483,0.220637823908685,False,no_observed_loss
10,213007,repaired_permutation,iid_dual_cap,0.12094746397773483,0.18717931121249665,False,no_observed_loss
10,213008,repaired_permutation,zero_score,0.18595859775188817,0.29046392642717567,False,no_observed_loss
10,213008,repaired_permutation,first_observation_only,0.18595859775188817,0.5718385708447542,False,no_observed_loss
10,213008,repaired_permutation,iid_dual_cap,0.18595859775188817,0.2018979970172241,False,no_observed_loss
10,213001,repaired_permutation_ablation,zero_score,0.0632896193863821,0.9579437417530811,False,no_observed_loss
10,213001,repaired_permutation_ablation,first_observation_only,0.0632896193863821,0.3373424727875552,False,no_observed_loss
10,213001,repaired_permutation_ablation,iid_dual_cap,0.0632896193863821,0.1460174331672409,False,no_observed_loss
10,213002,repaired_permutation_ablation,zero_score,0.1028202971985275,1.0167841735635759,False,no_observed_loss
10,213002,repaired_permutation_ablation,first_observation_only,0.1028202971985275,0.13700530272964628,False,no_observed_loss
10,213002,repaired_permutation_ablation,iid_dual_cap,0.1028202971985275,0.1296055805353664,False,no_observed_loss
10,213003,repaired_permutation_ablation,zero_score,0.16220277850864107,2.187762645928605,False,no_observed_loss
10,213003,repaired_permutation_ablation,first_observation_only,0.16220277850864107,1.426571385865328,False,no_observed_loss
10,213003,repaired_permutation_ablation,iid_dual_cap,0.16220277850864107,0.12179213961262207,True,promotion_veto_in_this_case
10,213004,repaired_permutation_ablation,zero_score,0.42991524629462996,1.2319748896897993,False,no_observed_loss
10,213004,repaired_permutation_ablation,first_observation_only,0.42991524629462996,2.123392690629533,False,no_observed_loss
10,213004,repaired_permutation_ablation,iid_dual_cap,0.42991524629462996,0.4746630987110263,False,no_observed_loss
10,213005,repaired_permutation_ablation,zero_score,0.21215231811053928,0.8353523529871906,False,no_observed_loss
10,213005,repaired_permutation_ablation,first_observation_only,0.21215231811053928,1.6603889416588244,False,no_observed_loss
10,213005,repaired_permutation_ablation,iid_dual_cap,0.21215231811053928,0.32283177493840587,False,no_observed_loss
10,213006,repaired_permutation_ablation,zero_score,0.04259272099029883,1.4417447817476459,False,no_observed_loss
10,213006,repaired_permutation_ablation,first_observation_only,0.04259272099029883,1.348541279425755,False,no_observed_loss
10,213006,repaired_permutation_ablation,iid_dual_cap,0.04259272099029883,0.12243904695906985,False,no_observed_loss
10,213007,repaired_permutation_ablation,zero_score,0.12058919582062248,1.056246369976566,False,no_observed_loss
10,213007,repaired_permutation_ablation,first_observation_only,0.12058919582062248,0.220637823908685,False,no_observed_loss
10,213007,repaired_permutation_ablation,iid_dual_cap,0.12058919582062248,0.18717931121249665,False,no_observed_loss
10,213008,repaired_permutation_ablation,zero_score,0.18675177949640723,0.29046392642717567,False,no_observed_loss
10,213008,repaired_permutation_ablation,first_observation_only,0.18675177949640723,0.5718385708447542,False,no_observed_loss
10,213008,repaired_permutation_ablation,iid_dual_cap,0.18675177949640723,0.2018979970172241,False,no_observed_loss
20,213001,iid_dual_cap,zero_score,0.3423495397586636,0.6732815991905693,False,no_observed_loss
20,213001,iid_dual_cap,first_observation_only,0.3423495397586636,0.18900224731301943,True,promotion_veto_in_this_case
20,213002,iid_dual_cap,zero_score,0.15661489427266279,0.3139513800127111,False,no_observed_loss
20,213002,iid_dual_cap,first_observation_only,0.15661489427266279,1.1663386353548677,False,no_observed_loss
20,213003,iid_dual_cap,zero_score,0.250870035215519,1.6310367213383885,False,no_observed_loss
20,213003,iid_dual_cap,first_observation_only,0.250870035215519,1.001410921957392,False,no_observed_loss
20,213004,iid_dual_cap,zero_score,0.4181869265944771,1.0236619335007873,False,no_observed_loss
20,213004,iid_dual_cap,first_observation_only,0.4181869265944771,1.0676751209892805,False,no_observed_loss
20,213005,iid_dual_cap,zero_score,0.8238756212257241,3.8160011787662933,False,no_observed_loss
20,213005,iid_dual_cap,first_observation_only,0.8238756212257241,3.23401927382899,False,no_observed_loss
20,213006,iid_dual_cap,zero_score,0.5408142323028728,2.529683431768673,False,no_observed_loss
20,213006,iid_dual_cap,first_observation_only,0.5408142323028728,2.6239030814598574,False,no_observed_loss
20,213007,iid_dual_cap,zero_score,0.27580422560989337,3.4200974943704754,False,no_observed_loss
20,213007,iid_dual_cap,first_observation_only,0.27580422560989337,2.578876552251755,False,no_observed_loss
20,213008,iid_dual_cap,zero_score,0.029820085162374103,0.6695679617907602,False,no_observed_loss
20,213008,iid_dual_cap,first_observation_only,0.029820085162374103,1.202286128771068,False,no_observed_loss
20,213001,previous_inverse_cdf,zero_score,0.2631084949717745,0.6732815991905693,False,no_observed_loss
20,213001,previous_inverse_cdf,first_observation_only,0.2631084949717745,0.18900224731301943,True,promotion_veto_in_this_case
20,213001,previous_inverse_cdf,iid_dual_cap,0.2631084949717745,0.3423495397586636,False,no_observed_loss
20,213002,previous_inverse_cdf,zero_score,0.10788415244974575,0.3139513800127111,False,no_observed_loss
20,213002,previous_inverse_cdf,first_observation_only,0.10788415244974575,1.1663386353548677,False,no_observed_loss
20,213002,previous_inverse_cdf,iid_dual_cap,0.10788415244974575,0.15661489427266279,False,no_observed_loss
20,213003,previous_inverse_cdf,zero_score,0.19497362762260464,1.6310367213383885,False,no_observed_loss
20,213003,previous_inverse_cdf,first_observation_only,0.19497362762260464,1.001410921957392,False,no_observed_loss
20,213003,previous_inverse_cdf,iid_dual_cap,0.19497362762260464,0.250870035215519,False,no_observed_loss
20,213004,previous_inverse_cdf,zero_score,0.3306917348793965,1.0236619335007873,False,no_observed_loss
20,213004,previous_inverse_cdf,first_observation_only,0.3306917348793965,1.0676751209892805,False,no_observed_loss
20,213004,previous_inverse_cdf,iid_dual_cap,0.3306917348793965,0.4181869265944771,False,no_observed_loss
20,213005,previous_inverse_cdf,zero_score,0.29544508022424326,3.8160011787662933,False,no_observed_loss
20,213005,previous_inverse_cdf,first_observation_only,0.29544508022424326,3.23401927382899,False,no_observed_loss
20,213005,previous_inverse_cdf,iid_dual_cap,0.29544508022424326,0.8238756212257241,False,no_observed_loss
20,213006,previous_inverse_cdf,zero_score,0.6642794553511046,2.529683431768673,False,no_observed_loss
20,213006,previous_inverse_cdf,first_observation_only,0.6642794553511046,2.6239030814598574,False,no_observed_loss
20,213006,previous_inverse_cdf,iid_dual_cap,0.6642794553511046,0.5408142323028728,True,promotion_veto_in_this_case
20,213007,previous_inverse_cdf,zero_score,0.23411599611446487,3.4200974943704754,False,no_observed_loss
20,213007,previous_inverse_cdf,first_observation_only,0.23411599611446487,2.578876552251755,False,no_observed_loss
20,213007,previous_inverse_cdf,iid_dual_cap,0.23411599611446487,0.27580422560989337,False,no_observed_loss
20,213008,previous_inverse_cdf,zero_score,0.12500726577868773,0.6695679617907602,False,no_observed_loss
20,213008,previous_inverse_cdf,first_observation_only,0.12500726577868773,1.202286128771068,False,no_observed_loss
20,213008,previous_inverse_cdf,iid_dual_cap,0.12500726577868773,0.029820085162374103,True,promotion_veto_in_this_case
20,213001,repaired_permutation,zero_score,0.263539392869087,0.6732815991905693,False,no_observed_loss
20,213001,repaired_permutation,first_observation_only,0.263539392869087,0.18900224731301943,True,promotion_veto_in_this_case
20,213001,repaired_permutation,iid_dual_cap,0.263539392869087,0.3423495397586636,False,no_observed_loss
20,213002,repaired_permutation,zero_score,0.11044332062382653,0.3139513800127111,False,no_observed_loss
20,213002,repaired_permutation,first_observation_only,0.11044332062382653,1.1663386353548677,False,no_observed_loss
20,213002,repaired_permutation,iid_dual_cap,0.11044332062382653,0.15661489427266279,False,no_observed_loss
20,213003,repaired_permutation,zero_score,0.1919262932151535,1.6310367213383885,False,no_observed_loss
20,213003,repaired_permutation,first_observation_only,0.1919262932151535,1.001410921957392,False,no_observed_loss
20,213003,repaired_permutation,iid_dual_cap,0.1919262932151535,0.250870035215519,False,no_observed_loss
20,213004,repaired_permutation,zero_score,0.32854617795107105,1.0236619335007873,False,no_observed_loss
20,213004,repaired_permutation,first_observation_only,0.32854617795107105,1.0676751209892805,False,no_observed_loss
20,213004,repaired_permutation,iid_dual_cap,0.32854617795107105,0.4181869265944771,False,no_observed_loss
20,213005,repaired_permutation,zero_score,0.29948877883415587,3.8160011787662933,False,no_observed_loss
20,213005,repaired_permutation,first_observation_only,0.29948877883415587,3.23401927382899,False,no_observed_loss
20,213005,repaired_permutation,iid_dual_cap,0.29948877883415587,0.8238756212257241,False,no_observed_loss
20,213006,repaired_permutation,zero_score,0.6646196149383925,2.529683431768673,False,no_observed_loss
20,213006,repaired_permutation,first_observation_only,0.6646196149383925,2.6239030814598574,False,no_observed_loss
20,213006,repaired_permutation,iid_dual_cap,0.6646196149383925,0.5408142323028728,True,promotion_veto_in_this_case
20,213007,repaired_permutation,zero_score,0.24481405585637367,3.4200974943704754,False,no_observed_loss
20,213007,repaired_permutation,first_observation_only,0.24481405585637367,2.578876552251755,False,no_observed_loss
20,213007,repaired_permutation,iid_dual_cap,0.24481405585637367,0.27580422560989337,False,no_observed_loss
20,213008,repaired_permutation,zero_score,0.11425861000153104,0.6695679617907602,False,no_observed_loss
20,213008,repaired_permutation,first_observation_only,0.11425861000153104,1.202286128771068,False,no_observed_loss
20,213008,repaired_permutation,iid_dual_cap,0.11425861000153104,0.029820085162374103,True,promotion_veto_in_this_case
20,213001,repaired_permutation_ablation,zero_score,0.2605231725033123,0.6732815991905693,False,no_observed_loss
20,213001,repaired_permutation_ablation,first_observation_only,0.2605231725033123,0.18900224731301943,True,promotion_veto_in_this_case
20,213001,repaired_permutation_ablation,iid_dual_cap,0.2605231725033123,0.3423495397586636,False,no_observed_loss
20,213002,repaired_permutation_ablation,zero_score,0.11503159195639104,0.3139513800127111,False,no_observed_loss
20,213002,repaired_permutation_ablation,first_observation_only,0.11503159195639104,1.1663386353548677,False,no_observed_loss
20,213002,repaired_permutation_ablation,iid_dual_cap,0.11503159195639104,0.15661489427266279,False,no_observed_loss
20,213003,repaired_permutation_ablation,zero_score,0.19434754713443328,1.6310367213383885,False,no_observed_loss
20,213003,repaired_permutation_ablation,first_observation_only,0.19434754713443328,1.001410921957392,False,no_observed_loss
20,213003,repaired_permutation_ablation,iid_dual_cap,0.19434754713443328,0.250870035215519,False,no_observed_loss
20,213004,repaired_permutation_ablation,zero_score,0.3244723393826109,1.0236619335007873,False,no_observed_loss
20,213004,repaired_permutation_ablation,first_observation_only,0.3244723393826109,1.0676751209892805,False,no_observed_loss
20,213004,repaired_permutation_ablation,iid_dual_cap,0.3244723393826109,0.4181869265944771,False,no_observed_loss
20,213005,repaired_permutation_ablation,zero_score,0.310031984013155,3.8160011787662933,False,no_observed_loss
20,213005,repaired_permutation_ablation,first_observation_only,0.310031984013155,3.23401927382899,False,no_observed_loss
20,213005,repaired_permutation_ablation,iid_dual_cap,0.310031984013155,0.8238756212257241,False,no_observed_loss
20,213006,repaired_permutation_ablation,zero_score,0.6727193651338161,2.529683431768673,False,no_observed_loss
20,213006,repaired_permutation_ablation,first_observation_only,0.6727193651338161,2.6239030814598574,False,no_observed_loss
20,213006,repaired_permutation_ablation,iid_dual_cap,0.6727193651338161,0.5408142323028728,True,promotion_veto_in_this_case
20,213007,repaired_permutation_ablation,zero_score,0.21925369722751328,3.4200974943704754,False,no_observed_loss
20,213007,repaired_permutation_ablation,first_observation_only,0.21925369722751328,2.578876552251755,False,no_observed_loss
20,213007,repaired_permutation_ablation,iid_dual_cap,0.21925369722751328,0.27580422560989337,False,no_observed_loss
20,213008,repaired_permutation_ablation,zero_score,0.11518155881035345,0.6695679617907602,False,no_observed_loss
20,213008,repaired_permutation_ablation,first_observation_only,0.11518155881035345,1.202286128771068,False,no_observed_loss
20,213008,repaired_permutation_ablation,iid_dual_cap,0.11518155881035345,0.029820085162374103,True,promotion_veto_in_this_case
50,213001,iid_dual_cap,zero_score,0.2768959282112273,1.8844665355291668,False,no_observed_loss
50,213001,iid_dual_cap,first_observation_only,0.2768959282112273,1.8059313416225309,False,no_observed_loss
50,213002,iid_dual_cap,zero_score,0.08945514845182344,2.240609459303718,False,no_observed_loss
50,213002,iid_dual_cap,first_observation_only,0.08945514845182344,2.061105723872926,False,no_observed_loss
50,213003,iid_dual_cap,zero_score,0.26958335427409164,1.3577745641290928,False,no_observed_loss
50,213003,iid_dual_cap,first_observation_only,0.26958335427409164,1.3336869346495854,False,no_observed_loss
50,213004,iid_dual_cap,zero_score,0.3147412829695087,1.7182763493320026,False,no_observed_loss
50,213004,iid_dual_cap,first_observation_only,0.3147412829695087,2.1649118807000716,False,no_observed_loss
50,213005,iid_dual_cap,zero_score,0.7469940077590728,1.5889609756212095,False,no_observed_loss
50,213005,iid_dual_cap,first_observation_only,0.7469940077590728,1.4173095147716623,False,no_observed_loss
50,213006,iid_dual_cap,zero_score,0.7573736256760583,1.5955193578304971,False,no_observed_loss
50,213006,iid_dual_cap,first_observation_only,0.7573736256760583,1.263682434711944,False,no_observed_loss
50,213007,iid_dual_cap,zero_score,0.6468963357873982,1.2167174932857905,False,no_observed_loss
50,213007,iid_dual_cap,first_observation_only,0.6468963357873982,0.6247440223208075,True,promotion_veto_in_this_case
50,213008,iid_dual_cap,zero_score,0.5994479419739845,0.7324485896335816,False,no_observed_loss
50,213008,iid_dual_cap,first_observation_only,0.5994479419739845,0.6986041557268172,False,no_observed_loss
50,213001,previous_inverse_cdf,zero_score,0.36028171411776827,1.8844665355291668,False,no_observed_loss
50,213001,previous_inverse_cdf,first_observation_only,0.36028171411776827,1.8059313416225309,False,no_observed_loss
50,213001,previous_inverse_cdf,iid_dual_cap,0.36028171411776827,0.2768959282112273,True,promotion_veto_in_this_case
50,213002,previous_inverse_cdf,zero_score,0.21364969478406828,2.240609459303718,False,no_observed_loss
50,213002,previous_inverse_cdf,first_observation_only,0.21364969478406828,2.061105723872926,False,no_observed_loss
50,213002,previous_inverse_cdf,iid_dual_cap,0.21364969478406828,0.08945514845182344,True,promotion_veto_in_this_case
50,213003,previous_inverse_cdf,zero_score,0.8046782148748185,1.3577745641290928,False,no_observed_loss
50,213003,previous_inverse_cdf,first_observation_only,0.8046782148748185,1.3336869346495854,False,no_observed_loss
50,213003,previous_inverse_cdf,iid_dual_cap,0.8046782148748185,0.26958335427409164,True,promotion_veto_in_this_case
50,213004,previous_inverse_cdf,zero_score,0.34443423679150675,1.7182763493320026,False,no_observed_loss
50,213004,previous_inverse_cdf,first_observation_only,0.34443423679150675,2.1649118807000716,False,no_observed_loss
50,213004,previous_inverse_cdf,iid_dual_cap,0.34443423679150675,0.3147412829695087,True,promotion_veto_in_this_case
50,213005,previous_inverse_cdf,zero_score,1.269901941750524,1.5889609756212095,False,no_observed_loss
50,213005,previous_inverse_cdf,first_observation_only,1.269901941750524,1.4173095147716623,False,no_observed_loss
50,213005,previous_inverse_cdf,iid_dual_cap,1.269901941750524,0.7469940077590728,True,promotion_veto_in_this_case
50,213006,previous_inverse_cdf,zero_score,0.7606253655858463,1.5955193578304971,False,no_observed_loss
50,213006,previous_inverse_cdf,first_observation_only,0.7606253655858463,1.263682434711944,False,no_observed_loss
50,213006,previous_inverse_cdf,iid_dual_cap,0.7606253655858463,0.7573736256760583,True,promotion_veto_in_this_case
50,213007,previous_inverse_cdf,zero_score,0.4927092648506249,1.2167174932857905,False,no_observed_loss
50,213007,previous_inverse_cdf,first_observation_only,0.4927092648506249,0.6247440223208075,False,no_observed_loss
50,213007,previous_inverse_cdf,iid_dual_cap,0.4927092648506249,0.6468963357873982,False,no_observed_loss
50,213008,previous_inverse_cdf,zero_score,0.30368343414785776,0.7324485896335816,False,no_observed_loss
50,213008,previous_inverse_cdf,first_observation_only,0.30368343414785776,0.6986041557268172,False,no_observed_loss
50,213008,previous_inverse_cdf,iid_dual_cap,0.30368343414785776,0.5994479419739845,False,no_observed_loss
50,213001,repaired_permutation,zero_score,0.34949717555352544,1.8844665355291668,False,no_observed_loss
50,213001,repaired_permutation,first_observation_only,0.34949717555352544,1.8059313416225309,False,no_observed_loss
50,213001,repaired_permutation,iid_dual_cap,0.34949717555352544,0.2768959282112273,True,promotion_veto_in_this_case
50,213002,repaired_permutation,zero_score,0.21790872881571252,2.240609459303718,False,no_observed_loss
50,213002,repaired_permutation,first_observation_only,0.21790872881571252,2.061105723872926,False,no_observed_loss
50,213002,repaired_permutation,iid_dual_cap,0.21790872881571252,0.08945514845182344,True,promotion_veto_in_this_case
50,213003,repaired_permutation,zero_score,0.8006389309125506,1.3577745641290928,False,no_observed_loss
50,213003,repaired_permutation,first_observation_only,0.8006389309125506,1.3336869346495854,False,no_observed_loss
50,213003,repaired_permutation,iid_dual_cap,0.8006389309125506,0.26958335427409164,True,promotion_veto_in_this_case
50,213004,repaired_permutation,zero_score,0.3667113885687987,1.7182763493320026,False,no_observed_loss
50,213004,repaired_permutation,first_observation_only,0.3667113885687987,2.1649118807000716,False,no_observed_loss
50,213004,repaired_permutation,iid_dual_cap,0.3667113885687987,0.3147412829695087,True,promotion_veto_in_this_case
50,213005,repaired_permutation,zero_score,1.277082465365756,1.5889609756212095,False,no_observed_loss
50,213005,repaired_permutation,first_observation_only,1.277082465365756,1.4173095147716623,False,no_observed_loss
50,213005,repaired_permutation,iid_dual_cap,1.277082465365756,0.7469940077590728,True,promotion_veto_in_this_case
50,213006,repaired_permutation,zero_score,0.7665191174660131,1.5955193578304971,False,no_observed_loss
50,213006,repaired_permutation,first_observation_only,0.7665191174660131,1.263682434711944,False,no_observed_loss
50,213006,repaired_permutation,iid_dual_cap,0.7665191174660131,0.7573736256760583,True,promotion_veto_in_this_case
50,213007,repaired_permutation,zero_score,0.5063155706380732,1.2167174932857905,False,no_observed_loss
50,213007,repaired_permutation,first_observation_only,0.5063155706380732,0.6247440223208075,False,no_observed_loss
50,213007,repaired_permutation,iid_dual_cap,0.5063155706380732,0.6468963357873982,False,no_observed_loss
50,213008,repaired_permutation,zero_score,0.3089437516110983,0.7324485896335816,False,no_observed_loss
50,213008,repaired_permutation,first_observation_only,0.3089437516110983,0.6986041557268172,False,no_observed_loss
50,213008,repaired_permutation,iid_dual_cap,0.3089437516110983,0.5994479419739845,False,no_observed_loss
50,213001,repaired_permutation_ablation,zero_score,0.3471223950914412,1.8844665355291668,False,no_observed_loss
50,213001,repaired_permutation_ablation,first_observation_only,0.3471223950914412,1.8059313416225309,False,no_observed_loss
50,213001,repaired_permutation_ablation,iid_dual_cap,0.3471223950914412,0.2768959282112273,True,promotion_veto_in_this_case
50,213002,repaired_permutation_ablation,zero_score,0.2126015800131874,2.240609459303718,False,no_observed_loss
50,213002,repaired_permutation_ablation,first_observation_only,0.2126015800131874,2.061105723872926,False,no_observed_loss
50,213002,repaired_permutation_ablation,iid_dual_cap,0.2126015800131874,0.08945514845182344,True,promotion_veto_in_this_case
50,213003,repaired_permutation_ablation,zero_score,0.8023011376472605,1.3577745641290928,False,no_observed_loss
50,213003,repaired_permutation_ablation,first_observation_only,0.8023011376472605,1.3336869346495854,False,no_observed_loss
50,213003,repaired_permutation_ablation,iid_dual_cap,0.8023011376472605,0.26958335427409164,True,promotion_veto_in_this_case
50,213004,repaired_permutation_ablation,zero_score,0.3595141898244921,1.7182763493320026,False,no_observed_loss
50,213004,repaired_permutation_ablation,first_observation_only,0.3595141898244921,2.1649118807000716,False,no_observed_loss
50,213004,repaired_permutation_ablation,iid_dual_cap,0.3595141898244921,0.3147412829695087,True,promotion_veto_in_this_case
50,213005,repaired_permutation_ablation,zero_score,1.2758270524267226,1.5889609756212095,False,no_observed_loss
50,213005,repaired_permutation_ablation,first_observation_only,1.2758270524267226,1.4173095147716623,False,no_observed_loss
50,213005,repaired_permutation_ablation,iid_dual_cap,1.2758270524267226,0.7469940077590728,True,promotion_veto_in_this_case
50,213006,repaired_permutation_ablation,zero_score,0.7742260718292822,1.5955193578304971,False,no_observed_loss
50,213006,repaired_permutation_ablation,first_observation_only,0.7742260718292822,1.263682434711944,False,no_observed_loss
50,213006,repaired_permutation_ablation,iid_dual_cap,0.7742260718292822,0.7573736256760583,True,promotion_veto_in_this_case
50,213007,repaired_permutation_ablation,zero_score,0.4911013922778215,1.2167174932857905,False,no_observed_loss
50,213007,repaired_permutation_ablation,first_observation_only,0.4911013922778215,0.6247440223208075,False,no_observed_loss
50,213007,repaired_permutation_ablation,iid_dual_cap,0.4911013922778215,0.6468963357873982,False,no_observed_loss
50,213008,repaired_permutation_ablation,zero_score,0.31102776166690593,0.7324485896335816,False,no_observed_loss
50,213008,repaired_permutation_ablation,first_observation_only,0.31102776166690593,0.6986041557268172,False,no_observed_loss
50,213008,repaired_permutation_ablation,iid_dual_cap,0.31102776166690593,0.5994479419739845,False,no_observed_loss
120,213001,iid_dual_cap,zero_score,1.649045572328379,1.6533556921881616,False,no_observed_loss
120,213001,iid_dual_cap,first_observation_only,1.649045572328379,1.6093203735835653,True,promotion_veto_in_this_case
120,213002,iid_dual_cap,zero_score,0.44020004002617596,3.824823036918374,False,no_observed_loss
120,213002,iid_dual_cap,first_observation_only,0.44020004002617596,3.726495556608796,False,no_observed_loss
120,213003,iid_dual_cap,zero_score,1.3640650323180807,3.2662264786018205,False,no_observed_loss
120,213003,iid_dual_cap,first_observation_only,1.3640650323180807,3.2664736820276796,False,no_observed_loss
120,213004,iid_dual_cap,zero_score,3.0789737978325977,3.4659726804195943,False,no_observed_loss
120,213004,iid_dual_cap,first_observation_only,3.0789737978325977,3.132955581082091,False,no_observed_loss
120,213005,iid_dual_cap,zero_score,0.38706692287424854,3.8937880628621113,False,no_observed_loss
120,213005,iid_dual_cap,first_observation_only,0.38706692287424854,3.9392946498996677,False,no_observed_loss
120,213006,iid_dual_cap,zero_score,0.6837454085080038,6.848734964799556,False,no_observed_loss
120,213006,iid_dual_cap,first_observation_only,0.6837454085080038,6.703578165680913,False,no_observed_loss
120,213007,iid_dual_cap,zero_score,3.4194231033884552,0.8960991692267196,True,promotion_veto_in_this_case
120,213007,iid_dual_cap,first_observation_only,3.4194231033884552,1.1489773920763886,True,promotion_veto_in_this_case
120,213008,iid_dual_cap,zero_score,1.3264549160614911,2.2706948778689644,False,no_observed_loss
120,213008,iid_dual_cap,first_observation_only,1.3264549160614911,2.1689323514307013,False,no_observed_loss
120,213001,previous_inverse_cdf,zero_score,0.1588656980264011,1.6533556921881616,False,no_observed_loss
120,213001,previous_inverse_cdf,first_observation_only,0.1588656980264011,1.6093203735835653,False,no_observed_loss
120,213001,previous_inverse_cdf,iid_dual_cap,0.1588656980264011,1.649045572328379,False,no_observed_loss
120,213002,previous_inverse_cdf,zero_score,0.5296118284006859,3.824823036918374,False,no_observed_loss
120,213002,previous_inverse_cdf,first_observation_only,0.5296118284006859,3.726495556608796,False,no_observed_loss
120,213002,previous_inverse_cdf,iid_dual_cap,0.5296118284006859,0.44020004002617596,True,promotion_veto_in_this_case
120,213003,previous_inverse_cdf,zero_score,1.5401787840573495,3.2662264786018205,False,no_observed_loss
120,213003,previous_inverse_cdf,first_observation_only,1.5401787840573495,3.2664736820276796,False,no_observed_loss
120,213003,previous_inverse_cdf,iid_dual_cap,1.5401787840573495,1.3640650323180807,True,promotion_veto_in_this_case
120,213004,previous_inverse_cdf,zero_score,2.4112835016761056,3.4659726804195943,False,no_observed_loss
120,213004,previous_inverse_cdf,first_observation_only,2.4112835016761056,3.132955581082091,False,no_observed_loss
120,213004,previous_inverse_cdf,iid_dual_cap,2.4112835016761056,3.0789737978325977,False,no_observed_loss
120,213005,previous_inverse_cdf,zero_score,0.8081766763571667,3.8937880628621113,False,no_observed_loss
120,213005,previous_inverse_cdf,first_observation_only,0.8081766763571667,3.9392946498996677,False,no_observed_loss
120,213005,previous_inverse_cdf,iid_dual_cap,0.8081766763571667,0.38706692287424854,True,promotion_veto_in_this_case
120,213006,previous_inverse_cdf,zero_score,3.913349812696521,6.848734964799556,False,no_observed_loss
120,213006,previous_inverse_cdf,first_observation_only,3.913349812696521,6.703578165680913,False,no_observed_loss
120,213006,previous_inverse_cdf,iid_dual_cap,3.913349812696521,0.6837454085080038,True,promotion_veto_in_this_case
120,213007,previous_inverse_cdf,zero_score,2.4310907029750264,0.8960991692267196,True,promotion_veto_in_this_case
120,213007,previous_inverse_cdf,first_observation_only,2.4310907029750264,1.1489773920763886,True,promotion_veto_in_this_case
120,213007,previous_inverse_cdf,iid_dual_cap,2.4310907029750264,3.4194231033884552,False,no_observed_loss
120,213008,previous_inverse_cdf,zero_score,1.0727202660437458,2.2706948778689644,False,no_observed_loss
120,213008,previous_inverse_cdf,first_observation_only,1.0727202660437458,2.1689323514307013,False,no_observed_loss
120,213008,previous_inverse_cdf,iid_dual_cap,1.0727202660437458,1.3264549160614911,False,no_observed_loss
120,213001,repaired_permutation,zero_score,0.1546686240960218,1.6533556921881616,False,no_observed_loss
120,213001,repaired_permutation,first_observation_only,0.1546686240960218,1.6093203735835653,False,no_observed_loss
120,213001,repaired_permutation,iid_dual_cap,0.1546686240960218,1.649045572328379,False,no_observed_loss
120,213002,repaired_permutation,zero_score,0.5331437599431963,3.824823036918374,False,no_observed_loss
120,213002,repaired_permutation,first_observation_only,0.5331437599431963,3.726495556608796,False,no_observed_loss
120,213002,repaired_permutation,iid_dual_cap,0.5331437599431963,0.44020004002617596,True,promotion_veto_in_this_case
120,213003,repaired_permutation,zero_score,1.520400821976022,3.2662264786018205,False,no_observed_loss
120,213003,repaired_permutation,first_observation_only,1.520400821976022,3.2664736820276796,False,no_observed_loss
120,213003,repaired_permutation,iid_dual_cap,1.520400821976022,1.3640650323180807,True,promotion_veto_in_this_case
120,213004,repaired_permutation,zero_score,2.408113593978674,3.4659726804195943,False,no_observed_loss
120,213004,repaired_permutation,first_observation_only,2.408113593978674,3.132955581082091,False,no_observed_loss
120,213004,repaired_permutation,iid_dual_cap,2.408113593978674,3.0789737978325977,False,no_observed_loss
120,213005,repaired_permutation,zero_score,0.7936293900371036,3.8937880628621113,False,no_observed_loss
120,213005,repaired_permutation,first_observation_only,0.7936293900371036,3.9392946498996677,False,no_observed_loss
120,213005,repaired_permutation,iid_dual_cap,0.7936293900371036,0.38706692287424854,True,promotion_veto_in_this_case
120,213006,repaired_permutation,zero_score,3.840543288317714,6.848734964799556,False,no_observed_loss
120,213006,repaired_permutation,first_observation_only,3.840543288317714,6.703578165680913,False,no_observed_loss
120,213006,repaired_permutation,iid_dual_cap,3.840543288317714,0.6837454085080038,True,promotion_veto_in_this_case
120,213007,repaired_permutation,zero_score,2.4317854087954025,0.8960991692267196,True,promotion_veto_in_this_case
120,213007,repaired_permutation,first_observation_only,2.4317854087954025,1.1489773920763886,True,promotion_veto_in_this_case
120,213007,repaired_permutation,iid_dual_cap,2.4317854087954025,3.4194231033884552,False,no_observed_loss
120,213008,repaired_permutation,zero_score,1.0293107049602115,2.2706948778689644,False,no_observed_loss
120,213008,repaired_permutation,first_observation_only,1.0293107049602115,2.1689323514307013,False,no_observed_loss
120,213008,repaired_permutation,iid_dual_cap,1.0293107049602115,1.3264549160614911,False,no_observed_loss
120,213001,repaired_permutation_ablation,zero_score,0.1590310350415887,1.6533556921881616,False,no_observed_loss
120,213001,repaired_permutation_ablation,first_observation_only,0.1590310350415887,1.6093203735835653,False,no_observed_loss
120,213001,repaired_permutation_ablation,iid_dual_cap,0.1590310350415887,1.649045572328379,False,no_observed_loss
120,213002,repaired_permutation_ablation,zero_score,0.5290558892099078,3.824823036918374,False,no_observed_loss
120,213002,repaired_permutation_ablation,first_observation_only,0.5290558892099078,3.726495556608796,False,no_observed_loss
120,213002,repaired_permutation_ablation,iid_dual_cap,0.5290558892099078,0.44020004002617596,True,promotion_veto_in_this_case
120,213003,repaired_permutation_ablation,zero_score,1.531532174578962,3.2662264786018205,False,no_observed_loss
120,213003,repaired_permutation_ablation,first_observation_only,1.531532174578962,3.2664736820276796,False,no_observed_loss
120,213003,repaired_permutation_ablation,iid_dual_cap,1.531532174578962,1.3640650323180807,True,promotion_veto_in_this_case
120,213004,repaired_permutation_ablation,zero_score,2.422552332153722,3.4659726804195943,False,no_observed_loss
120,213004,repaired_permutation_ablation,first_observation_only,2.422552332153722,3.132955581082091,False,no_observed_loss
120,213004,repaired_permutation_ablation,iid_dual_cap,2.422552332153722,3.0789737978325977,False,no_observed_loss
120,213005,repaired_permutation_ablation,zero_score,0.83877592843579,3.8937880628621113,False,no_observed_loss
120,213005,repaired_permutation_ablation,first_observation_only,0.83877592843579,3.9392946498996677,False,no_observed_loss
120,213005,repaired_permutation_ablation,iid_dual_cap,0.83877592843579,0.38706692287424854,True,promotion_veto_in_this_case
120,213006,repaired_permutation_ablation,zero_score,3.8544704741265146,6.848734964799556,False,no_observed_loss
120,213006,repaired_permutation_ablation,first_observation_only,3.8544704741265146,6.703578165680913,False,no_observed_loss
120,213006,repaired_permutation_ablation,iid_dual_cap,3.8544704741265146,0.6837454085080038,True,promotion_veto_in_this_case
120,213007,repaired_permutation_ablation,zero_score,2.4164291235603645,0.8960991692267196,True,promotion_veto_in_this_case
120,213007,repaired_permutation_ablation,first_observation_only,2.4164291235603645,1.1489773920763886,True,promotion_veto_in_this_case
120,213007,repaired_permutation_ablation,iid_dual_cap,2.4164291235603645,3.4194231033884552,False,no_observed_loss
120,213008,repaired_permutation_ablation,zero_score,1.0601098607040758,2.2706948778689644,False,no_observed_loss
120,213008,repaired_permutation_ablation,first_observation_only,1.0601098607040758,2.1689323514307013,False,no_observed_loss
120,213008,repaired_permutation_ablation,iid_dual_cap,1.0601098607040758,1.3264549160614911,False,no_observed_loss
