horizon,left,right,n,mean,sd,se,ci95_low,ci95_high,interval_excludes_zero
10,iid_dual_cap,previous_inverse_cdf,8,0.05035374923545369,0.04866411016462769,0.017205361148908718,0.009669535005207695,0.09103796346569967,True
10,iid_dual_cap,repaired_permutation,8,0.04970545835536385,0.04654880402599185,0.016457487491451248,0.010789684312674581,0.08862123239805311,True
10,iid_dual_cap,repaired_permutation_ablation,8,0.04826405329342546,0.04758512851914999,0.016823883529762166,0.00848189029285603,0.0880462162939949,True
10,previous_inverse_cdf,repaired_permutation,8,-0.0006482908800898362,0.003086325451002104,0.0010911808276761086,-0.0032285235280937233,0.0019319417679140509,False
10,previous_inverse_cdf,repaired_permutation_ablation,8,-0.0020896959420282296,0.0041381344949135025,0.001463051481407653,-0.0055492629563040725,0.0013698710722476132,False
10,repaired_permutation,repaired_permutation_ablation,8,-0.0014414050619383934,0.0025231512005460914,0.0008920686619325599,-0.0035508122540364863,0.0006680021301596994,False
20,iid_dual_cap,previous_inverse_cdf,8,0.07785371909377065,0.1986472244660084,0.07023239974190039,-0.0882195165839926,0.2439269547715339,False
20,iid_dual_cap,repaired_permutation,8,0.07758741448157447,0.19643021852851797,0.06944856977573523,-0.08663235784906381,0.24180718681221275,False
20,iid_dual_cap,repaired_permutation_ablation,8,0.07834678799757519,0.1939127117410148,0.0685584967151719,-0.08376829598835922,0.2404618719835096,False
20,previous_inverse_cdf,repaired_permutation,8,-0.00026630461219616375,0.0061702815557746335,0.0021815239649592617,-0.005424789085185422,0.004892179860793095,False
20,previous_inverse_cdf,repaired_permutation_ablation,8,0.0004930689038045565,0.009973822811016973,0.003526278872011587,-0.007845255634858734,0.008831393442467847,False
20,repaired_permutation,repaired_permutation_ablation,8,0.0007593735160007203,0.011205509879771687,0.003961746011319707,-0.008608667181045427,0.010127414213046868,False
50,iid_dual_cap,previous_inverse_cdf,8,-0.10607203022498121,0.29380971232290004,0.10387741998099567,-0.351703096705682,0.13955903625571955,False
50,iid_dual_cap,repaired_permutation,8,-0.11152868797854537,0.29086473142223923,0.1028362119983346,-0.3546976888124863,0.13164031285539554,False
50,iid_dual_cap,repaired_permutation_ablation,8,-0.10904174445924357,0.29232454879432673,0.1033523353798831,-0.35343118315801186,0.1353476942395247,False
50,previous_inverse_cdf,repaired_permutation,8,-0.005456657753564145,0.010056488779858404,0.003555505705582153,-0.013864092771685875,0.002950777264557584,False
50,previous_inverse_cdf,repaired_permutation_ablation,8,-0.0029697142342623474,0.009360850298143928,0.0033095603617448433,-0.010795580927778273,0.004856152459253579,False
50,repaired_permutation,repaired_permutation_ablation,8,0.002486943519301798,0.006924866531966919,0.002448310041782789,-0.003302389780933594,0.00827627681953719,False
120,iid_dual_cap,previous_inverse_cdf,8,-0.06453780961194622,1.4303344323324756,0.5056995882334522,-1.2603273199729013,1.1312517007490088,False
120,iid_dual_cap,repaired_permutation,8,-0.04532759984586419,1.4088621220134445,0.4981079801162878,-1.223165809544329,1.1325106098526005,False
120,iid_dual_cap,repaired_permutation_ablation,8,-0.05787275305918662,1.4139435280074764,0.49990452843445876,-1.2399591244799697,1.1242136183615963,False
120,previous_inverse_cdf,repaired_permutation,8,0.019210209766082027,0.026393546115576372,0.009331527718941955,-0.0028553469826057484,0.0412757665147698,False
120,previous_inverse_cdf,repaired_permutation_ablation,8,0.006665056552759594,0.025700967023722623,0.009086664032763052,-0.014821489585253377,0.028151602690772565,False
120,repaired_permutation,repaired_permutation_ablation,8,-0.012545153213322432,0.018994955942393674,0.0067157310776031365,-0.02842533378664661,0.0033350273600017445,False
