run,time,ess,ess_fraction,max_weight,finite_fraction,smoothing_seconds
pp-paper-linear-r20-seed2-01,1.0,9912.188741590795,0.9912188741590795,0.00024438276675760215,1.0,1.2614879608154297
pp-paper-linear-r20-seed2-01,2.0,9748.820575485814,0.9748820575485814,0.0008198557647003288,1.0,1.649256944656372
pp-paper-linear-r20-seed2-01,3.0,9347.011609978907,0.9347011609978907,0.002062817442203263,1.0,2.059340000152588
pp-paper-linear-r20-seed2-01,4.0,9621.635819435473,0.9621635819435472,0.000814500654536279,1.0,2.579822063446045
pp-paper-linear-r20-seed2-01,5.0,9601.019144959897,0.9601019144959897,0.0009616193964414744,1.0,3.2973949909210205
pp-paper-linear-r20-seed2-01,6.0,9196.294578489404,0.9196294578489403,0.0008016680541773454,1.0,3.4111669063568115
pp-paper-linear-r20-seed2-01,7.0,9232.929277999216,0.9232929277999216,0.0007110731891262801,1.0,3.918510913848877
pp-paper-linear-r20-seed2-01,8.0,9105.579203070502,0.9105579203070502,0.0009803037638291354,1.0,4.440045118331909
pp-paper-linear-r20-seed2-01,9.0,8676.84464202208,0.8676844642022081,0.0015688651592313087,1.0,4.6566689014434814
pp-paper-linear-r20-seed2-01,10.0,8838.797148239977,0.8838797148239977,0.0009646969774009535,1.0,4.866102933883667
pp-paper-linear-r20-seed2-01,11.0,8289.68247673336,0.828968247673336,0.0026564269369808297,1.0,5.342623949050903
pp-paper-linear-r20-seed2-01,12.0,8682.032199153435,0.8682032199153434,0.0023167579051978616,1.0,5.89347505569458
pp-paper-linear-r20-seed2-01,13.0,8361.292965288074,0.8361292965288074,0.0018772061899109192,1.0,6.452109098434448
pp-paper-linear-r20-seed2-01,14.0,8404.597271367136,0.8404597271367136,0.0016751267388662727,1.0,6.50275993347168
pp-paper-linear-r20-seed2-01,15.0,8628.232000751836,0.8628232000751835,0.0012094237576685456,1.0,6.969313859939575
pp-paper-linear-r20-seed2-01,16.0,2190.051745411546,0.21900517454115462,0.018513334994812416,1.0,7.9311089515686035
pp-paper-linear-r20-seed2-01,17.0,8765.095542423067,0.8765095542423067,0.0013410641002175989,1.0,8.042300939559937
pp-paper-linear-r20-seed2-01,18.0,8656.352037490598,0.8656352037490599,0.0018611354328309448,1.0,8.39910101890564
pp-paper-linear-r20-seed2-01,19.0,8638.23952735939,0.863823952735939,0.0012532587846281018,1.0,8.650913000106812
pp-paper-linear-r20-seed2-01,20.0,7559.491179735615,0.7559491179735616,0.0038487663855507255,1.0,9.064114093780518
pp-paper-nonlinear-r20-seed2-04,1.0,9939.363416158616,0.9939363416158616,0.00022072676660013767,1.0,2.396530866622925
pp-paper-nonlinear-r20-seed2-04,2.0,9836.978518520324,0.9836978518520324,0.0002315907428474486,1.0,5.584240913391113
pp-paper-nonlinear-r20-seed2-04,3.0,9675.931029688176,0.9675931029688176,0.0004911226650841111,1.0,8.227442026138306
pp-paper-nonlinear-r20-seed2-04,4.0,9538.805085715452,0.9538805085715452,0.0002968481140217529,1.0,11.365097999572754
pp-paper-nonlinear-r20-seed2-04,5.0,9503.858361378978,0.9503858361378977,0.0005392370919535258,0.9999,16.663695096969604
pp-paper-nonlinear-r20-seed2-04,6.0,8423.959150225906,0.8423959150225906,0.0020256004230541137,1.0,19.04619288444519
pp-paper-nonlinear-r20-seed2-04,7.0,8836.626976776073,0.8836626976776073,0.001012498161233703,0.9999,21.833778142929077
pp-paper-nonlinear-r20-seed2-04,8.0,8676.603193019773,0.8676603193019773,0.0007189738548302977,0.9999,25.12295889854431
pp-paper-nonlinear-r20-seed2-04,9.0,7113.650500871214,0.7113650500871214,0.004859706003384763,0.9999,26.844011068344116
pp-paper-nonlinear-r20-seed2-04,10.0,8269.689293160718,0.8269689293160718,0.0012772942192742017,0.9999,30.30649709701538
pp-paper-nonlinear-r20-seed2-04,11.0,8119.309432967489,0.8119309432967489,0.0011854884681311135,0.9998,32.36676597595215
pp-paper-nonlinear-r20-seed2-04,12.0,7901.4554579096575,0.7901455457909657,0.001859884701204338,1.0,36.25369191169739
pp-paper-nonlinear-r20-seed2-04,13.0,7956.668446087856,0.7956668446087856,0.0012201266866379574,1.0,37.95704102516174
pp-paper-nonlinear-r20-seed2-04,14.0,8049.599367639384,0.8049599367639384,0.0011331159944566206,0.9999,44.02272605895996
pp-paper-nonlinear-r20-seed2-04,15.0,8135.518682136163,0.8135518682136164,0.001060681626973656,0.9999,50.852144956588745
pp-paper-nonlinear-r20-seed2-04,16.0,7863.320999823889,0.786332099982389,0.0021948616030121144,1.0,51.81320405006409
pp-paper-nonlinear-r20-seed2-04,17.0,7965.268037723308,0.7965268037723309,0.0010866798306130836,1.0,53.4540069103241
pp-paper-nonlinear-r20-seed2-04,18.0,6878.212033686472,0.6878212033686472,0.0037680619232048056,0.9998,60.41432213783264
pp-paper-nonlinear-r20-seed2-04,19.0,7645.058745254592,0.7645058745254593,0.0014416739277593384,1.0,54.16347289085388
pp-paper-nonlinear-r20-seed2-04,20.0,7507.509825837785,0.7507509825837785,0.002287092245742735,0.9999,60.85718107223511
sir-paper-linear-r10-seed2-01,1.0,9608.77453160949,0.960877453160949,0.00037237971421001296,1.0,2.8513660430908203
sir-paper-linear-r10-seed2-01,2.0,9211.78513621691,0.9211785136216909,0.0003496657298520348,1.0,4.4830100536346436
sir-paper-linear-r10-seed2-01,3.0,6907.73987440127,0.690773987440127,0.0013061633613510417,1.0,6.151103973388672
sir-paper-linear-r10-seed2-01,4.0,4195.357027889565,0.4195357027889565,0.007311657697417859,1.0,7.550148010253906
sir-paper-linear-r10-seed2-01,5.0,2339.9206768442505,0.23399206768442504,0.007003749510282449,1.0,9.10594391822815
sir-paper-linear-r10-seed2-01,6.0,2120.4378591562236,0.21204378591562237,0.011109001438897126,1.0,11.025625944137573
sir-paper-linear-r10-seed2-01,7.0,2591.708413831636,0.2591708413831636,0.004510709422859045,1.0,12.437128782272339
sir-paper-linear-r10-seed2-01,8.0,2138.5804609671354,0.21385804609671355,0.006967514954875258,1.0,14.021876096725464
sir-paper-linear-r10-seed2-01,9.0,1829.4892109386237,0.18294892109386238,0.008546157700909066,1.0,15.846384048461914
sir-paper-linear-r10-seed2-01,10.0,1637.7033624045398,0.16377033624045398,0.01088425682938629,1.0,16.99941897392273
sir-paper-linear-r10-seed2-01,11.0,1617.5448139366645,0.16175448139366644,0.009015596559399023,1.0,18.866525888442993
sir-paper-linear-r10-seed2-01,12.0,992.9220584430763,0.09929220584430763,0.020584300960728667,1.0,21.0224130153656
sir-paper-linear-r10-seed2-01,13.0,931.5745219474614,0.09315745219474615,0.018455569723046104,1.0,22.20418906211853
sir-paper-linear-r10-seed2-01,14.0,1766.9693529137023,0.17669693529137023,0.007718032589864967,1.0,23.412835836410522
sir-paper-linear-r10-seed2-01,15.0,1922.8513676780103,0.19228513676780104,0.006123402683493477,1.0,25.36261796951294
sir-paper-linear-r10-seed2-01,16.0,701.8712506998498,0.07018712506998498,0.025642611383163802,1.0,26.99149990081787
sir-paper-linear-r10-seed2-01,17.0,1557.2580801725453,0.15572580801725452,0.006426302492332705,1.0,28.6768159866333
sir-paper-linear-r10-seed2-01,18.0,1418.4281427865153,0.14184281427865153,0.006582030763034136,1.0,30.584820985794067
sir-paper-linear-r10-seed2-01,19.0,789.8587812223052,0.07898587812223051,0.02086039046028417,1.0,31.00453495979309
sir-paper-linear-r10-seed2-01,20.0,1388.0265281181676,0.13880265281181675,0.00871374930722458,1.0,32.45881199836731
sir-paper-linear-r20-seed2-01,1.0,9910.419880110243,0.9910419880110243,0.00018470871612177067,1.0,4.958781957626343
sir-paper-linear-r20-seed2-01,2.0,9807.149533288442,0.9807149533288443,0.00024232585573316244,1.0,7.670930862426758
sir-paper-linear-r20-seed2-01,3.0,8400.152224780539,0.8400152224780538,0.001082758761891725,1.0,10.7237389087677
sir-paper-linear-r20-seed2-01,4.0,7753.948788524327,0.7753948788524327,0.001464486690741825,1.0,13.231097936630249
sir-paper-linear-r20-seed2-01,5.0,6081.592285901509,0.6081592285901509,0.0015306220523435342,1.0,17.110901832580566
sir-paper-linear-r20-seed2-01,6.0,3655.1690297382825,0.3655169029738283,0.009123596538526324,1.0,19.312939167022705
sir-paper-linear-r20-seed2-01,7.0,5635.404284097627,0.5635404284097627,0.0020027608443560115,1.0,22.360427856445312
sir-paper-linear-r20-seed2-01,8.0,4767.989336506504,0.47679893365065035,0.00381335511832119,1.0,25.254480838775635
sir-paper-linear-r20-seed2-01,9.0,4983.176151663639,0.49831761516636386,0.0024586750432672587,1.0,27.837146043777466
sir-paper-linear-r20-seed2-01,10.0,1780.3433263561776,0.17803433263561777,0.01780386203472805,1.0,30.932106018066406
sir-paper-linear-r20-seed2-01,11.0,4489.288362100879,0.4489288362100879,0.002615468413580607,1.0,33.198208808898926
sir-paper-linear-r20-seed2-01,12.0,4117.304343555014,0.41173043435550144,0.004161801301123889,1.0,35.92523789405823
sir-paper-linear-r20-seed2-01,13.0,4042.2022555381095,0.40422022555381093,0.0027275059896376143,1.0,39.10460186004639
sir-paper-linear-r20-seed2-01,14.0,3101.1519015186955,0.31011519015186956,0.009624851714172433,1.0,41.54216289520264
sir-paper-linear-r20-seed2-01,15.0,3365.4191397028258,0.3365419139702826,0.006763463395437263,1.0,44.48083209991455
sir-paper-linear-r20-seed2-01,16.0,3973.1725115114255,0.3973172511511425,0.004070545278588071,1.0,46.63573980331421
sir-paper-linear-r20-seed2-01,17.0,2066.749835728416,0.20667498357284161,0.01546539015667186,1.0,48.69650888442993
sir-paper-linear-r20-seed2-01,18.0,3057.5384474142215,0.30575384474142214,0.010419918324618829,1.0,50.42021203041077
sir-paper-linear-r20-seed2-01,19.0,3868.83515137688,0.386883515137688,0.0045979386990593184,1.0,54.12648797035217
sir-paper-linear-r20-seed2-01,20.0,3446.4525936564123,0.3446452593656412,0.004705519785981655,1.0,58.140002965927124
sir-paper-linear-r40-seed2-02,1.0,9933.63609625691,0.993363609625691,0.00018945433660125705,1.0,10.570086002349854
sir-paper-linear-r40-seed2-02,2.0,9862.375711902332,0.9862375711902333,0.00033479440792081043,1.0,17.023716926574707
sir-paper-linear-r40-seed2-02,3.0,8981.117441218452,0.8981117441218451,0.0009773463921772861,1.0,22.735281944274902
sir-paper-linear-r40-seed2-02,4.0,8519.922553205157,0.8519922553205157,0.0009115803804907509,1.0,29.587795972824097
sir-paper-linear-r40-seed2-02,5.0,6481.262330465854,0.6481262330465853,0.0022578501803944286,1.0,36.8362820148468
sir-paper-linear-r40-seed2-02,6.0,6411.655599861219,0.6411655599861219,0.0031175122643245525,1.0,52.45372295379639
sir-paper-linear-r40-seed2-02,7.0,6236.183129809245,0.6236183129809245,0.002789008121603315,1.0,55.25296711921692
sir-paper-linear-r40-seed2-02,8.0,6539.66752142607,0.653966752142607,0.0025400993634354125,1.0,58.212530851364136
sir-paper-linear-r40-seed2-02,9.0,4367.816385812607,0.43678163858126073,0.0077383039761158645,1.0,72.99458003044128
sir-paper-linear-r40-seed2-02,10.0,2208.426396471567,0.2208426396471567,0.01269359431359057,1.0,83.37083792686462
sir-paper-linear-r40-seed2-02,11.0,5938.178014938483,0.5938178014938483,0.0017104993230220825,1.0,89.86070609092712
sir-paper-linear-r40-seed2-02,12.0,4355.003016279922,0.4355003016279922,0.004983409456667157,1.0,94.78985714912415
sir-paper-linear-r40-seed2-02,13.0,4605.0321395596575,0.4605032139559658,0.0040039099189764634,1.0,102.05528807640076
sir-paper-linear-r40-seed2-02,14.0,4843.383998901297,0.48433839989012967,0.003887279538998421,1.0,108.38463997840881
sir-paper-linear-r40-seed2-02,15.0,5171.010463009505,0.5171010463009504,0.003030620254478178,1.0,115.26172113418579
sir-paper-linear-r40-seed2-02,16.0,4662.4642614451195,0.46624642614451195,0.0051643361759406755,1.0,121.8568069934845
sir-paper-linear-r40-seed2-02,17.0,4355.9525894635035,0.43559525894635037,0.0036002379046212694,1.0,132.22776293754578
sir-paper-linear-r40-seed2-02,18.0,4244.962968761562,0.42449629687615614,0.004391985264268162,1.0,151.24580097198486
sir-paper-linear-r40-seed2-02,19.0,4259.797898277345,0.4259797898277345,0.004665505200391035,1.0,162.58466696739197
sir-paper-linear-r40-seed2-02,20.0,5008.109561406451,0.5008109561406451,0.002308880506123587,1.0,164.61696910858154
