77.31126403808594,3.114063262939453
94.44463348388672,-1.297395944595337
110.16482543945312,0.5553328990936279
114.59942626953125,-1.6695619821548462
115.51451873779297,-0.18986469507217407
111.38398742675781,-0.6478725075721741
114.62996673583984,1.5891140699386597
113.6897201538086,-0.7906477451324463
108.35755920410156,1.3406223058700562
115.39754486083984,-2.5275073051452637
118.1438980102539,1.1915652751922607
113.31889343261719,1.5827271938323975
111.4552001953125,3.662682056427002
109.3369140625,3.106031894683838
110.31358337402344,1.0655403137207031
113.93366241455078,3.5077948570251465
119.52680969238281,-4.848491668701172
115.99513244628906,-4.469845771789551
113.6982421875,-1.7427494525909424
113.30750274658203,-1.5596990585327148
