"attempt","dimension","replication","iteration","particles","next_particles","window_cv","stop_eligible","stop_condition","monotone","same_n_window","doubled"
"attempt07-validation-delayed-d10",10,1301,5,1000,1000,0.502123992251922,FALSE,FALSE,FALSE,TRUE,FALSE
"attempt07-validation-delayed-d10",10,1301,6,1000,NA,0.0920767743980924,TRUE,TRUE,FALSE,TRUE,FALSE
"attempt07-validation-delayed-d10",10,1302,5,1000,1000,0.492137942209238,FALSE,FALSE,FALSE,TRUE,FALSE
"attempt07-validation-delayed-d10",10,1302,6,1000,NA,0.0493304169828492,TRUE,TRUE,FALSE,TRUE,FALSE
"attempt07-validation-delayed-d10",10,1303,5,1000,1000,0.507476778133613,FALSE,FALSE,FALSE,TRUE,FALSE
"attempt07-validation-delayed-d10",10,1303,6,1000,NA,0.116999361801142,TRUE,TRUE,FALSE,TRUE,FALSE
"attempt07-validation-delayed-d10",10,1304,5,1000,1000,0.500580984265831,FALSE,FALSE,FALSE,TRUE,FALSE
"attempt07-validation-delayed-d10",10,1304,6,1000,NA,0.103506830112034,TRUE,TRUE,FALSE,TRUE,FALSE
"attempt07-validation-delayed-d10",10,1305,5,1000,1000,0.500420229162347,FALSE,FALSE,FALSE,TRUE,FALSE
"attempt07-validation-delayed-d10",10,1305,6,1000,NA,0.0930122476487214,TRUE,TRUE,FALSE,TRUE,FALSE
"attempt07-validation-delayed-d10",10,1306,5,1000,1000,0.51831478504067,FALSE,FALSE,FALSE,TRUE,FALSE
"attempt07-validation-delayed-d10",10,1306,6,1000,NA,0.141823620537154,TRUE,TRUE,FALSE,TRUE,FALSE
"attempt07-validation-delayed-d10",10,1307,5,1000,1000,0.495170370146346,FALSE,FALSE,FALSE,TRUE,FALSE
"attempt07-validation-delayed-d10",10,1307,6,1000,NA,0.067216498180871,TRUE,TRUE,FALSE,TRUE,FALSE
"attempt07-validation-delayed-d10",10,1308,5,1000,1000,0.517481038480134,FALSE,FALSE,FALSE,TRUE,FALSE
"attempt07-validation-delayed-d10",10,1308,6,1000,NA,0.141203171404331,TRUE,TRUE,FALSE,TRUE,FALSE
"attempt07-validation-delayed-d10",10,1309,5,1000,1000,0.498037663146927,FALSE,FALSE,FALSE,TRUE,FALSE
"attempt07-validation-delayed-d10",10,1309,6,1000,NA,0.0898311505707397,TRUE,TRUE,FALSE,TRUE,FALSE
"attempt07-validation-delayed-d10",10,1310,5,1000,1000,0.493186340528076,FALSE,FALSE,FALSE,TRUE,FALSE
"attempt07-validation-delayed-d10",10,1310,6,1000,NA,0.050510015634278,TRUE,TRUE,FALSE,TRUE,FALSE
"attempt07-validation-delayed-d10",10,1311,5,1000,1000,0.504742015483618,FALSE,FALSE,FALSE,TRUE,FALSE
"attempt07-validation-delayed-d10",10,1311,6,1000,NA,0.10640438099652,TRUE,TRUE,FALSE,TRUE,FALSE
"attempt07-validation-delayed-d10",10,1312,5,1000,1000,0.521913786684134,FALSE,FALSE,FALSE,TRUE,FALSE
"attempt07-validation-delayed-d10",10,1312,6,1000,NA,0.15090494908114,TRUE,TRUE,FALSE,TRUE,FALSE
"attempt07-validation-delayed-d10",10,1313,5,1000,1000,0.505627020565918,FALSE,FALSE,FALSE,TRUE,FALSE
"attempt07-validation-delayed-d10",10,1313,6,1000,NA,0.12175153438402,TRUE,TRUE,FALSE,TRUE,FALSE
"attempt07-validation-delayed-d10",10,1314,5,1000,1000,0.504834851714053,FALSE,FALSE,FALSE,TRUE,FALSE
"attempt07-validation-delayed-d10",10,1314,6,1000,NA,0.102450387605806,TRUE,TRUE,FALSE,TRUE,FALSE
"attempt07-validation-delayed-d10",10,1315,5,1000,1000,0.495702980524585,FALSE,FALSE,FALSE,TRUE,FALSE
"attempt07-validation-delayed-d10",10,1315,6,1000,NA,0.0649694913717239,TRUE,TRUE,FALSE,TRUE,FALSE
"attempt07-validation-delayed-d10",10,1316,5,1000,1000,0.492030810907406,FALSE,FALSE,FALSE,TRUE,FALSE
"attempt07-validation-delayed-d10",10,1316,6,1000,NA,0.0611322348123936,TRUE,TRUE,FALSE,TRUE,FALSE
"attempt07-validation-delayed-d10",10,1317,5,1000,1000,0.529787417275772,FALSE,FALSE,FALSE,TRUE,FALSE
"attempt07-validation-delayed-d10",10,1317,6,1000,NA,0.169700640119601,TRUE,TRUE,FALSE,TRUE,FALSE
"attempt07-validation-delayed-d10",10,1318,5,1000,1000,0.499382272846842,FALSE,FALSE,FALSE,TRUE,FALSE
"attempt07-validation-delayed-d10",10,1318,6,1000,NA,0.107975170259682,TRUE,TRUE,FALSE,TRUE,FALSE
"attempt07-validation-delayed-d10",10,1319,5,1000,1000,0.494978174890423,FALSE,FALSE,FALSE,TRUE,FALSE
"attempt07-validation-delayed-d10",10,1319,6,1000,NA,0.0591195393168838,TRUE,TRUE,FALSE,TRUE,FALSE
"attempt07-validation-delayed-d10",10,1320,5,1000,1000,0.492139732863601,FALSE,FALSE,FALSE,TRUE,FALSE
"attempt07-validation-delayed-d10",10,1320,6,1000,NA,0.0397600356157786,TRUE,TRUE,FALSE,TRUE,FALSE
"attempt07-validation-delayed-d10",10,1321,5,1000,1000,0.495375576363269,FALSE,FALSE,FALSE,TRUE,FALSE
"attempt07-validation-delayed-d10",10,1321,6,1000,NA,0.0694137508256978,TRUE,TRUE,FALSE,TRUE,FALSE
"attempt07-validation-delayed-d10",10,1322,5,1000,1000,0.504040351214566,FALSE,FALSE,FALSE,TRUE,FALSE
"attempt07-validation-delayed-d10",10,1322,6,1000,NA,0.109896492077126,TRUE,TRUE,FALSE,TRUE,FALSE
"attempt07-validation-delayed-d10",10,1323,5,1000,1000,0.503146996180729,FALSE,FALSE,FALSE,TRUE,FALSE
"attempt07-validation-delayed-d10",10,1323,6,1000,NA,0.098877583685449,TRUE,TRUE,FALSE,TRUE,FALSE
"attempt07-validation-delayed-d10",10,1324,5,1000,1000,0.499271298156976,FALSE,FALSE,FALSE,TRUE,FALSE
"attempt07-validation-delayed-d10",10,1324,6,1000,NA,0.0882312775238574,TRUE,TRUE,FALSE,TRUE,FALSE
"attempt07-validation-delayed-d10",10,1325,5,1000,1000,0.493416717299849,FALSE,FALSE,FALSE,TRUE,FALSE
"attempt07-validation-delayed-d10",10,1325,6,1000,NA,0.049131652054807,TRUE,TRUE,FALSE,TRUE,FALSE
"attempt07-validation-delayed-d10",10,1326,5,1000,1000,0.508410293224276,FALSE,FALSE,FALSE,TRUE,FALSE
"attempt07-validation-delayed-d10",10,1326,6,1000,NA,0.120160843367732,TRUE,TRUE,FALSE,TRUE,FALSE
"attempt07-validation-delayed-d10",10,1327,5,1000,1000,0.512558720782981,FALSE,FALSE,FALSE,TRUE,FALSE
"attempt07-validation-delayed-d10",10,1327,6,1000,NA,0.159449503432707,TRUE,TRUE,FALSE,TRUE,FALSE
"attempt07-validation-delayed-d10",10,1328,5,1000,1000,0.497109629855132,FALSE,FALSE,FALSE,TRUE,FALSE
"attempt07-validation-delayed-d10",10,1328,6,1000,NA,0.0731787655530026,TRUE,TRUE,FALSE,TRUE,FALSE
"attempt07-validation-delayed-d10",10,1329,5,1000,1000,0.493268086780363,FALSE,FALSE,FALSE,TRUE,FALSE
"attempt07-validation-delayed-d10",10,1329,6,1000,NA,0.0509892885611056,TRUE,TRUE,FALSE,TRUE,FALSE
"attempt07-validation-delayed-d10",10,1330,5,1000,1000,0.496832469147697,FALSE,FALSE,FALSE,TRUE,FALSE
"attempt07-validation-delayed-d10",10,1330,6,1000,NA,0.0709525951375071,TRUE,TRUE,FALSE,TRUE,FALSE
"attempt07-validation-delayed-d10",10,1331,5,1000,1000,0.492779481107475,FALSE,FALSE,FALSE,TRUE,FALSE
"attempt07-validation-delayed-d10",10,1331,6,1000,NA,0.0443677382230485,TRUE,TRUE,FALSE,TRUE,FALSE
"attempt07-validation-delayed-d10",10,1332,5,1000,1000,0.515165430464709,FALSE,FALSE,FALSE,TRUE,FALSE
"attempt07-validation-delayed-d10",10,1332,6,1000,NA,0.133149941038691,TRUE,TRUE,FALSE,TRUE,FALSE
"attempt08-validation-delayed-d80",80,1401,5,1000,1000,0.786556656651437,FALSE,FALSE,FALSE,TRUE,FALSE
"attempt08-validation-delayed-d80",80,1401,6,1000,2000,0.687149483324413,TRUE,FALSE,FALSE,TRUE,TRUE
"attempt08-validation-delayed-d80",80,1401,7,2000,NA,0.4043948886127,TRUE,TRUE,FALSE,FALSE,FALSE
"attempt08-validation-delayed-d80",80,1402,5,1000,1000,0.799469662889056,FALSE,FALSE,FALSE,TRUE,FALSE
"attempt08-validation-delayed-d80",80,1402,6,1000,2000,0.517179324330801,TRUE,FALSE,FALSE,TRUE,TRUE
"attempt08-validation-delayed-d80",80,1402,7,2000,NA,0.144447320636415,TRUE,TRUE,FALSE,FALSE,FALSE
"attempt08-validation-delayed-d80",80,1403,5,1000,1000,0.839671960497433,FALSE,FALSE,FALSE,TRUE,FALSE
"attempt08-validation-delayed-d80",80,1403,6,1000,2000,0.55582780349357,TRUE,FALSE,FALSE,TRUE,TRUE
"attempt08-validation-delayed-d80",80,1403,7,2000,NA,0.223591594760994,TRUE,TRUE,FALSE,FALSE,FALSE
"attempt08-validation-delayed-d80",80,1404,5,1000,1000,0.947080565810987,FALSE,FALSE,FALSE,TRUE,FALSE
"attempt08-validation-delayed-d80",80,1404,6,1000,2000,0.656153467084557,TRUE,FALSE,FALSE,TRUE,TRUE
"attempt08-validation-delayed-d80",80,1404,7,2000,NA,0.377530782912204,TRUE,TRUE,FALSE,FALSE,FALSE
"attempt08-validation-delayed-d80",80,1405,5,1000,1000,0.790297975219562,FALSE,FALSE,FALSE,TRUE,FALSE
"attempt08-validation-delayed-d80",80,1405,6,1000,2000,0.556364576617444,TRUE,FALSE,FALSE,TRUE,TRUE
"attempt08-validation-delayed-d80",80,1405,7,2000,NA,0.255677986372847,TRUE,TRUE,FALSE,FALSE,FALSE
"attempt08-validation-delayed-d80",80,1406,5,1000,1000,0.86528654538963,FALSE,FALSE,TRUE,TRUE,FALSE
"attempt08-validation-delayed-d80",80,1406,6,1000,1000,0.743884158911356,TRUE,FALSE,TRUE,TRUE,FALSE
"attempt08-validation-delayed-d80",80,1406,7,1000,NA,0.488771223730923,TRUE,TRUE,FALSE,TRUE,FALSE
"attempt08-validation-delayed-d80",80,1407,5,1000,1000,0.818768636673866,FALSE,FALSE,FALSE,TRUE,FALSE
"attempt08-validation-delayed-d80",80,1407,6,1000,2000,0.535803109462823,TRUE,FALSE,FALSE,TRUE,TRUE
"attempt08-validation-delayed-d80",80,1407,7,2000,NA,0.201560248982358,TRUE,TRUE,FALSE,FALSE,FALSE
"attempt08-validation-delayed-d80",80,1408,5,1000,1000,0.860054287173073,FALSE,FALSE,FALSE,TRUE,FALSE
"attempt08-validation-delayed-d80",80,1408,6,1000,2000,0.573049741548993,TRUE,FALSE,FALSE,TRUE,TRUE
"attempt08-validation-delayed-d80",80,1408,7,2000,NA,0.280264428673645,TRUE,TRUE,FALSE,FALSE,FALSE
"attempt08-validation-delayed-d80",80,1409,5,1000,1000,0.824766728832299,FALSE,FALSE,FALSE,TRUE,FALSE
"attempt08-validation-delayed-d80",80,1409,6,1000,2000,0.580000820267881,TRUE,FALSE,FALSE,TRUE,TRUE
"attempt08-validation-delayed-d80",80,1409,7,2000,NA,0.266044426349326,TRUE,TRUE,FALSE,FALSE,FALSE
"attempt08-validation-delayed-d80",80,1410,5,1000,1000,0.823856176922602,FALSE,FALSE,FALSE,TRUE,FALSE
"attempt08-validation-delayed-d80",80,1410,6,1000,2000,0.538632897524517,TRUE,FALSE,FALSE,TRUE,TRUE
"attempt08-validation-delayed-d80",80,1410,7,2000,NA,0.192199516190199,TRUE,TRUE,FALSE,FALSE,FALSE
"attempt08-validation-delayed-d80",80,1411,5,1000,1000,0.846925376860598,FALSE,FALSE,FALSE,TRUE,FALSE
"attempt08-validation-delayed-d80",80,1411,6,1000,2000,0.600186004902703,TRUE,FALSE,FALSE,TRUE,TRUE
"attempt08-validation-delayed-d80",80,1411,7,2000,NA,0.325719169329174,TRUE,TRUE,FALSE,FALSE,FALSE
"attempt08-validation-delayed-d80",80,1412,5,1000,1000,0.863955166988785,FALSE,FALSE,FALSE,TRUE,FALSE
"attempt08-validation-delayed-d80",80,1412,6,1000,2000,0.577010163809507,TRUE,FALSE,FALSE,TRUE,TRUE
"attempt08-validation-delayed-d80",80,1412,7,2000,NA,0.254693409937495,TRUE,TRUE,FALSE,FALSE,FALSE
"attempt08-validation-delayed-d80",80,1413,5,1000,1000,0.831463958326414,FALSE,FALSE,FALSE,TRUE,FALSE
"attempt08-validation-delayed-d80",80,1413,6,1000,2000,0.557337292202058,TRUE,FALSE,FALSE,TRUE,TRUE
"attempt08-validation-delayed-d80",80,1413,7,2000,NA,0.22499756497747,TRUE,TRUE,FALSE,FALSE,FALSE
"attempt08-validation-delayed-d80",80,1414,5,1000,1000,0.817200076391526,FALSE,FALSE,FALSE,TRUE,FALSE
"attempt08-validation-delayed-d80",80,1414,6,1000,2000,0.568770985599232,TRUE,FALSE,FALSE,TRUE,TRUE
"attempt08-validation-delayed-d80",80,1414,7,2000,NA,0.239978672033448,TRUE,TRUE,FALSE,FALSE,FALSE
"attempt08-validation-delayed-d80",80,1415,5,1000,1000,0.866407380568231,FALSE,FALSE,FALSE,TRUE,FALSE
"attempt08-validation-delayed-d80",80,1415,6,1000,2000,0.585096627453276,TRUE,FALSE,FALSE,TRUE,TRUE
"attempt08-validation-delayed-d80",80,1415,7,2000,NA,0.309880641294858,TRUE,TRUE,FALSE,FALSE,FALSE
"attempt08-validation-delayed-d80",80,1416,5,1000,1000,0.859993420160112,FALSE,FALSE,FALSE,TRUE,FALSE
"attempt08-validation-delayed-d80",80,1416,6,1000,2000,0.573699471160217,TRUE,FALSE,FALSE,TRUE,TRUE
"attempt08-validation-delayed-d80",80,1416,7,2000,NA,0.25880091984009,TRUE,TRUE,FALSE,FALSE,FALSE
"attempt09-validation-delayed-d5",5,1501,5,1000,1000,0.414090842927101,FALSE,FALSE,FALSE,TRUE,FALSE
"attempt09-validation-delayed-d5",5,1501,6,1000,NA,0.0560421610295753,TRUE,TRUE,FALSE,TRUE,FALSE
"attempt09-validation-delayed-d5",5,1502,5,1000,1000,0.158437753516831,FALSE,FALSE,FALSE,TRUE,FALSE
"attempt09-validation-delayed-d5",5,1502,6,1000,NA,0.0529013390008124,TRUE,TRUE,FALSE,TRUE,FALSE
"attempt09-validation-delayed-d5",5,1503,5,1000,1000,0.32787930598417,FALSE,FALSE,FALSE,TRUE,FALSE
"attempt09-validation-delayed-d5",5,1503,6,1000,NA,0.0719815399196718,TRUE,TRUE,FALSE,TRUE,FALSE
"attempt09-validation-delayed-d5",5,1504,5,1000,1000,0.306114878654339,FALSE,FALSE,FALSE,TRUE,FALSE
"attempt09-validation-delayed-d5",5,1504,6,1000,NA,0.0672192729723078,TRUE,TRUE,FALSE,TRUE,FALSE
"attempt09-validation-delayed-d5",5,1505,5,1000,1000,0.446617326609751,FALSE,FALSE,FALSE,TRUE,FALSE
"attempt09-validation-delayed-d5",5,1505,6,1000,NA,0.0414185473750048,TRUE,TRUE,FALSE,TRUE,FALSE
"attempt09-validation-delayed-d5",5,1506,5,1000,1000,0.265673526806136,FALSE,FALSE,FALSE,TRUE,FALSE
"attempt09-validation-delayed-d5",5,1506,6,1000,NA,0.0373997454560384,TRUE,TRUE,FALSE,TRUE,FALSE
"attempt09-validation-delayed-d5",5,1507,5,1000,1000,0.282570709928288,FALSE,FALSE,FALSE,TRUE,FALSE
"attempt09-validation-delayed-d5",5,1507,6,1000,NA,0.0610795570692218,TRUE,TRUE,FALSE,TRUE,FALSE
"attempt09-validation-delayed-d5",5,1508,5,1000,1000,0.426937209650948,FALSE,FALSE,FALSE,TRUE,FALSE
"attempt09-validation-delayed-d5",5,1508,6,1000,NA,0.041875841032657,TRUE,TRUE,FALSE,TRUE,FALSE
"attempt10-validation-delayed-d20",20,1501,5,1000,1000,0.549880385084322,FALSE,FALSE,FALSE,TRUE,FALSE
"attempt10-validation-delayed-d20",20,1501,6,1000,NA,0.210094475307418,TRUE,TRUE,FALSE,TRUE,FALSE
"attempt10-validation-delayed-d20",20,1502,5,1000,1000,0.563751989189246,FALSE,FALSE,FALSE,TRUE,FALSE
"attempt10-validation-delayed-d20",20,1502,6,1000,NA,0.231503948745975,TRUE,TRUE,FALSE,TRUE,FALSE
"attempt10-validation-delayed-d20",20,1503,5,1000,1000,0.499954491210252,FALSE,FALSE,FALSE,TRUE,FALSE
"attempt10-validation-delayed-d20",20,1503,6,1000,NA,0.0880295818809605,TRUE,TRUE,FALSE,TRUE,FALSE
"attempt10-validation-delayed-d20",20,1504,5,1000,1000,0.495845755887493,FALSE,FALSE,FALSE,TRUE,FALSE
"attempt10-validation-delayed-d20",20,1504,6,1000,NA,0.0638812953388318,TRUE,TRUE,FALSE,TRUE,FALSE
"attempt10-validation-delayed-d20",20,1505,5,1000,1000,0.4955356525712,FALSE,FALSE,FALSE,TRUE,FALSE
"attempt10-validation-delayed-d20",20,1505,6,1000,NA,0.0679824474248655,TRUE,TRUE,FALSE,TRUE,FALSE
"attempt10-validation-delayed-d20",20,1506,5,1000,1000,0.525621984100451,FALSE,FALSE,FALSE,TRUE,FALSE
"attempt10-validation-delayed-d20",20,1506,6,1000,NA,0.159902349392033,TRUE,TRUE,FALSE,TRUE,FALSE
"attempt10-validation-delayed-d20",20,1507,5,1000,1000,0.513225627356857,FALSE,FALSE,FALSE,TRUE,FALSE
"attempt10-validation-delayed-d20",20,1507,6,1000,NA,0.146723094295628,TRUE,TRUE,FALSE,TRUE,FALSE
"attempt10-validation-delayed-d20",20,1508,5,1000,1000,0.50325306709872,FALSE,FALSE,FALSE,TRUE,FALSE
"attempt10-validation-delayed-d20",20,1508,6,1000,NA,0.0959353272572013,TRUE,TRUE,FALSE,TRUE,FALSE
