"attempt","dimension","replication","iteration","particles","next_particles","window_cv","stop_eligible","last_five_cv_explanatory_only","stop_condition","monotone","same_n_window","doubled"
"attempt07-validation-delayed-d10",10,1301,5,1000,1000,0.502123992251922,FALSE,0.102607262796664,FALSE,FALSE,TRUE,FALSE
"attempt07-validation-delayed-d10",10,1301,6,1000,NA,0.0920767743980924,TRUE,0.0539011264797749,TRUE,FALSE,TRUE,FALSE
"attempt07-validation-delayed-d10",10,1302,5,1000,1000,0.492137942209238,FALSE,0.0437200831665072,FALSE,FALSE,TRUE,FALSE
"attempt07-validation-delayed-d10",10,1302,6,1000,NA,0.0493304169828492,TRUE,0.0411316315323668,TRUE,FALSE,TRUE,FALSE
"attempt07-validation-delayed-d10",10,1303,5,1000,1000,0.507476778133613,FALSE,0.123366692191492,FALSE,FALSE,TRUE,FALSE
"attempt07-validation-delayed-d10",10,1303,6,1000,NA,0.116999361801142,TRUE,0.0972346936356419,TRUE,FALSE,TRUE,FALSE
"attempt07-validation-delayed-d10",10,1304,5,1000,1000,0.500580984265831,FALSE,0.0958393206580853,FALSE,FALSE,TRUE,FALSE
"attempt07-validation-delayed-d10",10,1304,6,1000,NA,0.103506830112034,TRUE,0.115247902326571,TRUE,FALSE,TRUE,FALSE
"attempt07-validation-delayed-d10",10,1305,5,1000,1000,0.500420229162347,FALSE,0.0951077889886173,FALSE,FALSE,TRUE,FALSE
"attempt07-validation-delayed-d10",10,1305,6,1000,NA,0.0930122476487214,TRUE,0.0650808454382788,TRUE,FALSE,TRUE,FALSE
"attempt07-validation-delayed-d10",10,1306,5,1000,1000,0.51831478504067,FALSE,0.157702218785338,FALSE,FALSE,TRUE,FALSE
"attempt07-validation-delayed-d10",10,1306,6,1000,NA,0.141823620537154,TRUE,0.0415370778293691,TRUE,FALSE,TRUE,FALSE
"attempt07-validation-delayed-d10",10,1307,5,1000,1000,0.495170370146346,FALSE,0.0671448725196544,FALSE,FALSE,TRUE,FALSE
"attempt07-validation-delayed-d10",10,1307,6,1000,NA,0.067216498180871,TRUE,0.0469318299149857,TRUE,FALSE,TRUE,FALSE
"attempt07-validation-delayed-d10",10,1308,5,1000,1000,0.517481038480134,FALSE,0.155307225821433,FALSE,FALSE,TRUE,FALSE
"attempt07-validation-delayed-d10",10,1308,6,1000,NA,0.141203171404331,TRUE,0.06228538623161,TRUE,FALSE,TRUE,FALSE
"attempt07-validation-delayed-d10",10,1309,5,1000,1000,0.498037663146927,FALSE,0.0835494643645471,FALSE,FALSE,TRUE,FALSE
"attempt07-validation-delayed-d10",10,1309,6,1000,NA,0.0898311505707397,TRUE,0.0846229584667766,TRUE,FALSE,TRUE,FALSE
"attempt07-validation-delayed-d10",10,1310,5,1000,1000,0.493186340528076,FALSE,0.0529745965895553,FALSE,FALSE,TRUE,FALSE
"attempt07-validation-delayed-d10",10,1310,6,1000,NA,0.050510015634278,TRUE,0.0493702097790016,TRUE,FALSE,TRUE,FALSE
"attempt07-validation-delayed-d10",10,1311,5,1000,1000,0.504742015483618,FALSE,0.113242436284294,FALSE,FALSE,TRUE,FALSE
"attempt07-validation-delayed-d10",10,1311,6,1000,NA,0.10640438099652,TRUE,0.0623722424912666,TRUE,FALSE,TRUE,FALSE
"attempt07-validation-delayed-d10",10,1312,5,1000,1000,0.521913786684134,FALSE,0.167690077276409,FALSE,FALSE,TRUE,FALSE
"attempt07-validation-delayed-d10",10,1312,6,1000,NA,0.15090494908114,TRUE,0.0710380713637722,TRUE,FALSE,TRUE,FALSE
"attempt07-validation-delayed-d10",10,1313,5,1000,1000,0.505627020565918,FALSE,0.117156267614796,FALSE,FALSE,TRUE,FALSE
"attempt07-validation-delayed-d10",10,1313,6,1000,NA,0.12175153438402,TRUE,0.063529146729057,TRUE,FALSE,TRUE,FALSE
"attempt07-validation-delayed-d10",10,1314,5,1000,1000,0.504834851714053,FALSE,0.113568434040402,FALSE,FALSE,TRUE,FALSE
"attempt07-validation-delayed-d10",10,1314,6,1000,NA,0.102450387605806,TRUE,0.0603110173466452,TRUE,FALSE,TRUE,FALSE
"attempt07-validation-delayed-d10",10,1315,5,1000,1000,0.495702980524585,FALSE,0.0704737179471236,FALSE,FALSE,TRUE,FALSE
"attempt07-validation-delayed-d10",10,1315,6,1000,NA,0.0649694913717239,TRUE,0.0423395932531823,TRUE,FALSE,TRUE,FALSE
"attempt07-validation-delayed-d10",10,1316,5,1000,1000,0.492030810907406,FALSE,0.0426378374168156,FALSE,FALSE,TRUE,FALSE
"attempt07-validation-delayed-d10",10,1316,6,1000,NA,0.0611322348123936,TRUE,0.0612247298193181,TRUE,FALSE,TRUE,FALSE
"attempt07-validation-delayed-d10",10,1317,5,1000,1000,0.529787417275772,FALSE,0.187904005512931,FALSE,FALSE,TRUE,FALSE
"attempt07-validation-delayed-d10",10,1317,6,1000,NA,0.169700640119601,TRUE,0.0755639100112522,TRUE,FALSE,TRUE,FALSE
"attempt07-validation-delayed-d10",10,1318,5,1000,1000,0.499382272846842,FALSE,0.0902478060836478,FALSE,FALSE,TRUE,FALSE
"attempt07-validation-delayed-d10",10,1318,6,1000,NA,0.107975170259682,TRUE,0.117676862183803,TRUE,FALSE,TRUE,FALSE
"attempt07-validation-delayed-d10",10,1319,5,1000,1000,0.494978174890423,FALSE,0.0659031423113597,FALSE,FALSE,TRUE,FALSE
"attempt07-validation-delayed-d10",10,1319,6,1000,NA,0.0591195393168838,TRUE,0.065416769987425,TRUE,FALSE,TRUE,FALSE
"attempt07-validation-delayed-d10",10,1320,5,1000,1000,0.492139732863601,FALSE,0.0437155205357351,FALSE,FALSE,TRUE,FALSE
"attempt07-validation-delayed-d10",10,1320,6,1000,NA,0.0397600356157786,TRUE,0.0259291689810103,TRUE,FALSE,TRUE,FALSE
"attempt07-validation-delayed-d10",10,1321,5,1000,1000,0.495375576363269,FALSE,0.0684460563352322,FALSE,FALSE,TRUE,FALSE
"attempt07-validation-delayed-d10",10,1321,6,1000,NA,0.0694137508256978,TRUE,0.0347317911068271,TRUE,FALSE,TRUE,FALSE
"attempt07-validation-delayed-d10",10,1322,5,1000,1000,0.504040351214566,FALSE,0.110463264669781,FALSE,FALSE,TRUE,FALSE
"attempt07-validation-delayed-d10",10,1322,6,1000,NA,0.109896492077126,TRUE,0.0443341320164623,TRUE,FALSE,TRUE,FALSE
"attempt07-validation-delayed-d10",10,1323,5,1000,1000,0.503146996180729,FALSE,0.107614715545005,FALSE,FALSE,TRUE,FALSE
"attempt07-validation-delayed-d10",10,1323,6,1000,NA,0.098877583685449,TRUE,0.101078747970982,TRUE,FALSE,TRUE,FALSE
"attempt07-validation-delayed-d10",10,1324,5,1000,1000,0.499271298156976,FALSE,0.0897132257622034,FALSE,FALSE,TRUE,FALSE
"attempt07-validation-delayed-d10",10,1324,6,1000,NA,0.0882312775238574,TRUE,0.0829595914849095,TRUE,FALSE,TRUE,FALSE
"attempt07-validation-delayed-d10",10,1325,5,1000,1000,0.493416717299849,FALSE,0.0548059218118869,FALSE,FALSE,TRUE,FALSE
"attempt07-validation-delayed-d10",10,1325,6,1000,NA,0.049131652054807,TRUE,0.0518896811511115,TRUE,FALSE,TRUE,FALSE
"attempt07-validation-delayed-d10",10,1326,5,1000,1000,0.508410293224276,FALSE,0.126659220473873,FALSE,FALSE,TRUE,FALSE
"attempt07-validation-delayed-d10",10,1326,6,1000,NA,0.120160843367732,TRUE,0.0944945105766697,TRUE,FALSE,TRUE,FALSE
"attempt07-validation-delayed-d10",10,1327,5,1000,1000,0.512558720782981,FALSE,0.14042483363057,FALSE,FALSE,TRUE,FALSE
"attempt07-validation-delayed-d10",10,1327,6,1000,NA,0.159449503432707,TRUE,0.0928018174188441,TRUE,FALSE,TRUE,FALSE
"attempt07-validation-delayed-d10",10,1328,5,1000,1000,0.497109629855132,FALSE,0.0786295566285082,FALSE,FALSE,TRUE,FALSE
"attempt07-validation-delayed-d10",10,1328,6,1000,NA,0.0731787655530026,TRUE,0.0475543754261548,TRUE,FALSE,TRUE,FALSE
"attempt07-validation-delayed-d10",10,1329,5,1000,1000,0.493268086780363,FALSE,0.0536367752757502,FALSE,FALSE,TRUE,FALSE
"attempt07-validation-delayed-d10",10,1329,6,1000,NA,0.0509892885611056,TRUE,0.0555221182879092,TRUE,FALSE,TRUE,FALSE
"attempt07-validation-delayed-d10",10,1330,5,1000,1000,0.496832469147697,FALSE,0.0770694418830456,FALSE,FALSE,TRUE,FALSE
"attempt07-validation-delayed-d10",10,1330,6,1000,NA,0.0709525951375071,TRUE,0.0722453101725996,TRUE,FALSE,TRUE,FALSE
"attempt07-validation-delayed-d10",10,1331,5,1000,1000,0.492779481107475,FALSE,0.0495783566775121,FALSE,FALSE,TRUE,FALSE
"attempt07-validation-delayed-d10",10,1331,6,1000,NA,0.0443677382230485,TRUE,0.0482169894312955,TRUE,FALSE,TRUE,FALSE
"attempt07-validation-delayed-d10",10,1332,5,1000,1000,0.515165430464709,FALSE,0.148474361972925,FALSE,FALSE,TRUE,FALSE
"attempt07-validation-delayed-d10",10,1332,6,1000,NA,0.133149941038691,TRUE,0.110037320911775,TRUE,FALSE,TRUE,FALSE
"attempt08-validation-delayed-d80",80,1401,5,1000,1000,0.786556656651437,FALSE,0.573330437040503,FALSE,FALSE,TRUE,FALSE
"attempt08-validation-delayed-d80",80,1401,6,1000,2000,0.687149483324413,TRUE,0.450353598566945,FALSE,FALSE,TRUE,TRUE
"attempt08-validation-delayed-d80",80,1401,7,2000,NA,0.4043948886127,TRUE,0.438328254299446,TRUE,FALSE,FALSE,FALSE
"attempt08-validation-delayed-d80",80,1402,5,1000,1000,0.799469662889056,FALSE,0.588630518278282,FALSE,FALSE,TRUE,FALSE
"attempt08-validation-delayed-d80",80,1402,6,1000,2000,0.517179324330801,TRUE,0.155446887492747,FALSE,FALSE,TRUE,TRUE
"attempt08-validation-delayed-d80",80,1402,7,2000,NA,0.144447320636415,TRUE,0.105742514024533,TRUE,FALSE,FALSE,FALSE
"attempt08-validation-delayed-d80",80,1403,5,1000,1000,0.839671960497433,FALSE,0.63536475282849,FALSE,FALSE,TRUE,FALSE
"attempt08-validation-delayed-d80",80,1403,6,1000,2000,0.55582780349357,TRUE,0.244642144712635,FALSE,FALSE,TRUE,TRUE
"attempt08-validation-delayed-d80",80,1403,7,2000,NA,0.223591594760994,TRUE,0.183229526632022,TRUE,FALSE,FALSE,FALSE
"attempt08-validation-delayed-d80",80,1404,5,1000,1000,0.947080565810987,FALSE,0.755168302465985,FALSE,FALSE,TRUE,FALSE
"attempt08-validation-delayed-d80",80,1404,6,1000,2000,0.656153467084557,TRUE,0.406690330763081,FALSE,FALSE,TRUE,TRUE
"attempt08-validation-delayed-d80",80,1404,7,2000,NA,0.377530782912204,TRUE,0.306271799536002,TRUE,FALSE,FALSE,FALSE
"attempt08-validation-delayed-d80",80,1405,5,1000,1000,0.790297975219562,FALSE,0.577779280741005,FALSE,FALSE,TRUE,FALSE
"attempt08-validation-delayed-d80",80,1405,6,1000,2000,0.556364576617444,TRUE,0.245694786854842,FALSE,FALSE,TRUE,TRUE
"attempt08-validation-delayed-d80",80,1405,7,2000,NA,0.255677986372847,TRUE,0.285784464571736,TRUE,FALSE,FALSE,FALSE
"attempt08-validation-delayed-d80",80,1406,5,1000,1000,0.86528654538963,FALSE,0.664528345186142,FALSE,TRUE,TRUE,FALSE
"attempt08-validation-delayed-d80",80,1406,6,1000,1000,0.743884158911356,TRUE,0.521552538545687,FALSE,TRUE,TRUE,FALSE
"attempt08-validation-delayed-d80",80,1406,7,1000,NA,0.488771223730923,TRUE,0.422175461140851,TRUE,FALSE,TRUE,FALSE
"attempt08-validation-delayed-d80",80,1407,5,1000,1000,0.818768636673866,FALSE,0.611224636204608,FALSE,FALSE,TRUE,FALSE
"attempt08-validation-delayed-d80",80,1407,6,1000,2000,0.535803109462823,TRUE,0.202169172135804,FALSE,FALSE,TRUE,TRUE
"attempt08-validation-delayed-d80",80,1407,7,2000,NA,0.201560248982358,TRUE,0.204803787248317,TRUE,FALSE,FALSE,FALSE
"attempt08-validation-delayed-d80",80,1408,5,1000,1000,0.860054287173073,FALSE,0.658605809175072,FALSE,FALSE,TRUE,FALSE
"attempt08-validation-delayed-d80",80,1408,6,1000,2000,0.573049741548993,TRUE,0.276990909228575,FALSE,FALSE,TRUE,TRUE
"attempt08-validation-delayed-d80",80,1408,7,2000,NA,0.280264428673645,TRUE,0.266517638000159,TRUE,FALSE,FALSE,FALSE
"attempt08-validation-delayed-d80",80,1409,5,1000,1000,0.824766728832299,FALSE,0.61818517780089,FALSE,FALSE,TRUE,FALSE
"attempt08-validation-delayed-d80",80,1409,6,1000,2000,0.580000820267881,TRUE,0.289283848321567,FALSE,FALSE,TRUE,TRUE
"attempt08-validation-delayed-d80",80,1409,7,2000,NA,0.266044426349326,TRUE,0.22893588076032,TRUE,FALSE,FALSE,FALSE
"attempt08-validation-delayed-d80",80,1410,5,1000,1000,0.823856176922602,FALSE,0.617130315742926,FALSE,FALSE,TRUE,FALSE
"attempt08-validation-delayed-d80",80,1410,6,1000,2000,0.538632897524517,TRUE,0.208594795468129,FALSE,FALSE,TRUE,TRUE
"attempt08-validation-delayed-d80",80,1410,7,2000,NA,0.192199516190199,TRUE,0.176349179202722,TRUE,FALSE,FALSE,FALSE
"attempt08-validation-delayed-d80",80,1411,5,1000,1000,0.846925376860598,FALSE,0.643667466372218,FALSE,FALSE,TRUE,FALSE
"attempt08-validation-delayed-d80",80,1411,6,1000,2000,0.600186004902703,TRUE,0.323051364068087,FALSE,FALSE,TRUE,TRUE
"attempt08-validation-delayed-d80",80,1411,7,2000,NA,0.325719169329174,TRUE,0.367060156223297,TRUE,FALSE,FALSE,FALSE
"attempt08-validation-delayed-d80",80,1412,5,1000,1000,0.863955166988785,FALSE,0.663022939945998,FALSE,FALSE,TRUE,FALSE
"attempt08-validation-delayed-d80",80,1412,6,1000,2000,0.577010163809507,TRUE,0.284038230296779,FALSE,FALSE,TRUE,TRUE
"attempt08-validation-delayed-d80",80,1412,7,2000,NA,0.254693409937495,TRUE,0.275837156038094,TRUE,FALSE,FALSE,FALSE
"attempt08-validation-delayed-d80",80,1413,5,1000,1000,0.831463958326414,FALSE,0.625924534241807,FALSE,FALSE,TRUE,FALSE
"attempt08-validation-delayed-d80",80,1413,6,1000,2000,0.557337292202058,TRUE,0.247616667610741,FALSE,FALSE,TRUE,TRUE
"attempt08-validation-delayed-d80",80,1413,7,2000,NA,0.22499756497747,TRUE,0.159806105810549,TRUE,FALSE,FALSE,FALSE
"attempt08-validation-delayed-d80",80,1414,5,1000,1000,0.817200076391526,FALSE,0.609399725178105,FALSE,FALSE,TRUE,FALSE
"attempt08-validation-delayed-d80",80,1414,6,1000,2000,0.568770985599232,TRUE,0.269404251898768,FALSE,FALSE,TRUE,TRUE
"attempt08-validation-delayed-d80",80,1414,7,2000,NA,0.239978672033448,TRUE,0.164405484057362,TRUE,FALSE,FALSE,FALSE
"attempt08-validation-delayed-d80",80,1415,5,1000,1000,0.866407380568231,FALSE,0.665794839510391,FALSE,FALSE,TRUE,FALSE
"attempt08-validation-delayed-d80",80,1415,6,1000,2000,0.585096627453276,TRUE,0.298052692425648,FALSE,FALSE,TRUE,TRUE
"attempt08-validation-delayed-d80",80,1415,7,2000,NA,0.309880641294858,TRUE,0.311577203694116,TRUE,FALSE,FALSE,FALSE
"attempt08-validation-delayed-d80",80,1416,5,1000,1000,0.859993420160112,FALSE,0.658536811064225,FALSE,FALSE,TRUE,FALSE
"attempt08-validation-delayed-d80",80,1416,6,1000,2000,0.573699471160217,TRUE,0.278167839846839,FALSE,FALSE,TRUE,TRUE
"attempt08-validation-delayed-d80",80,1416,7,2000,NA,0.25880091984009,TRUE,0.181564809417045,TRUE,FALSE,FALSE,FALSE
"attempt09-validation-delayed-d5",5,1501,5,1000,1000,0.414090842927101,FALSE,0.0604112677203172,FALSE,FALSE,TRUE,FALSE
"attempt09-validation-delayed-d5",5,1501,6,1000,NA,0.0560421610295753,TRUE,0.0601015271515599,TRUE,FALSE,TRUE,FALSE
"attempt09-validation-delayed-d5",5,1502,5,1000,1000,0.158437753516831,FALSE,0.0568030831792122,FALSE,FALSE,TRUE,FALSE
"attempt09-validation-delayed-d5",5,1502,6,1000,NA,0.0529013390008124,TRUE,0.0588013120134575,TRUE,FALSE,TRUE,FALSE
"attempt09-validation-delayed-d5",5,1503,5,1000,1000,0.32787930598417,FALSE,0.0803493340780979,FALSE,FALSE,TRUE,FALSE
"attempt09-validation-delayed-d5",5,1503,6,1000,NA,0.0719815399196718,TRUE,0.0305552046281466,TRUE,FALSE,TRUE,FALSE
"attempt09-validation-delayed-d5",5,1504,5,1000,1000,0.306114878654339,FALSE,0.0700105268198907,FALSE,FALSE,TRUE,FALSE
"attempt09-validation-delayed-d5",5,1504,6,1000,NA,0.0672192729723078,TRUE,0.0436734881754979,TRUE,FALSE,TRUE,FALSE
"attempt09-validation-delayed-d5",5,1505,5,1000,1000,0.446617326609751,FALSE,0.0460012310916931,FALSE,FALSE,TRUE,FALSE
"attempt09-validation-delayed-d5",5,1505,6,1000,NA,0.0414185473750048,TRUE,0.0415783361496787,TRUE,FALSE,TRUE,FALSE
"attempt09-validation-delayed-d5",5,1506,5,1000,1000,0.265673526806136,FALSE,0.0410205495635535,FALSE,FALSE,TRUE,FALSE
"attempt09-validation-delayed-d5",5,1506,6,1000,NA,0.0373997454560384,TRUE,0.0377359158998983,TRUE,FALSE,TRUE,FALSE
"attempt09-validation-delayed-d5",5,1507,5,1000,1000,0.282570709928288,FALSE,0.0677762416503801,FALSE,FALSE,TRUE,FALSE
"attempt09-validation-delayed-d5",5,1507,6,1000,NA,0.0610795570692218,TRUE,0.0344721688527382,TRUE,FALSE,TRUE,FALSE
"attempt09-validation-delayed-d5",5,1508,5,1000,1000,0.426937209650948,FALSE,0.0324947869720022,FALSE,FALSE,TRUE,FALSE
"attempt09-validation-delayed-d5",5,1508,6,1000,NA,0.041875841032657,TRUE,0.0445508311761789,TRUE,FALSE,TRUE,FALSE
"attempt10-validation-delayed-d20",20,1501,5,1000,1000,0.549880385084322,FALSE,0.232678467011529,FALSE,FALSE,TRUE,FALSE
"attempt10-validation-delayed-d20",20,1501,6,1000,NA,0.210094475307418,TRUE,0.142297972244582,TRUE,FALSE,TRUE,FALSE
"attempt10-validation-delayed-d20",20,1502,5,1000,1000,0.563751989189246,FALSE,0.259901666291978,FALSE,FALSE,TRUE,FALSE
"attempt10-validation-delayed-d20",20,1502,6,1000,NA,0.231503948745975,TRUE,0.0929245749353558,TRUE,FALSE,TRUE,FALSE
"attempt10-validation-delayed-d20",20,1503,5,1000,1000,0.499954491210252,FALSE,0.092957265426511,FALSE,FALSE,TRUE,FALSE
"attempt10-validation-delayed-d20",20,1503,6,1000,NA,0.0880295818809605,TRUE,0.0965331890565508,TRUE,FALSE,TRUE,FALSE
"attempt10-validation-delayed-d20",20,1504,5,1000,1000,0.495845755887493,FALSE,0.0713401819120373,FALSE,FALSE,TRUE,FALSE
"attempt10-validation-delayed-d20",20,1504,6,1000,NA,0.0638812953388318,TRUE,0.0714362047906172,TRUE,FALSE,TRUE,FALSE
"attempt10-validation-delayed-d20",20,1505,5,1000,1000,0.4955356525712,FALSE,0.0694446157792905,FALSE,FALSE,TRUE,FALSE
"attempt10-validation-delayed-d20",20,1505,6,1000,NA,0.0679824474248655,TRUE,0.0442052683454874,TRUE,FALSE,TRUE,FALSE
"attempt10-validation-delayed-d20",20,1506,5,1000,1000,0.525621984100451,FALSE,0.177459087053496,FALSE,FALSE,TRUE,FALSE
"attempt10-validation-delayed-d20",20,1506,6,1000,NA,0.159902349392033,TRUE,0.0764868072115812,TRUE,FALSE,TRUE,FALSE
"attempt10-validation-delayed-d20",20,1507,5,1000,1000,0.513225627356857,FALSE,0.142523586546519,FALSE,FALSE,TRUE,FALSE
"attempt10-validation-delayed-d20",20,1507,6,1000,NA,0.146723094295628,TRUE,0.164121224871663,TRUE,FALSE,TRUE,FALSE
"attempt10-validation-delayed-d20",20,1508,5,1000,1000,0.50325306709872,FALSE,0.107301373121896,FALSE,FALSE,TRUE,FALSE
"attempt10-validation-delayed-d20",20,1508,6,1000,NA,0.0959353272572013,TRUE,0.0802432651986205,TRUE,FALSE,TRUE,FALSE
