horizon,route,parameter,factor,valid,score_change_max_abs
10,iid_dual_cap,reset_ridge,0.1,True,2.158822132170002e-08
10,iid_dual_cap,reset_ridge,10.0,True,2.1589163151647384e-07
10,iid_dual_cap,correction_lm_damping,0.1,True,0.00010683907286573868
10,iid_dual_cap,correction_lm_damping,10.0,True,0.0007366651764881271
10,iid_dual_cap,correction_trust_radius,0.5,True,0.022115258089024037
10,iid_dual_cap,correction_trust_radius,2.0,True,0.020948917699902925
10,previous_inverse_cdf,reset_ridge,0.1,True,3.0494275084169686e-05
10,previous_inverse_cdf,reset_ridge,10.0,True,2.0197804075472447e-05
10,previous_inverse_cdf,correction_lm_damping,0.1,True,0.001373565205161409
10,previous_inverse_cdf,correction_lm_damping,10.0,True,0.003661811652900304
10,previous_inverse_cdf,correction_trust_radius,0.5,True,0.013180219032314477
10,previous_inverse_cdf,correction_trust_radius,2.0,True,0.022040030191914695
10,repaired_permutation,reset_ridge,0.1,True,2.3172785912350946e-08
10,repaired_permutation,reset_ridge,10.0,True,5.2381400199030814e-05
10,repaired_permutation,correction_lm_damping,0.1,True,0.001395156058858149
10,repaired_permutation,correction_lm_damping,10.0,True,0.0009655958414036547
10,repaired_permutation,correction_trust_radius,0.5,True,0.015277373001059136
10,repaired_permutation,correction_trust_radius,2.0,True,0.019147353871752815
10,repaired_permutation_ablation,reset_ridge,0.1,True,2.598639842199546e-08
10,repaired_permutation_ablation,reset_ridge,10.0,True,0.0002477537443317801
10,repaired_permutation_ablation,correction_lm_damping,0.1,True,0.0009549116282540071
10,repaired_permutation_ablation,correction_lm_damping,10.0,True,0.0021551759377957946
10,repaired_permutation_ablation,correction_trust_radius,0.5,True,0.015126718412124152
10,repaired_permutation_ablation,correction_trust_radius,2.0,True,0.025617413979898918
20,iid_dual_cap,reset_ridge,0.1,True,2.28654309930576e-08
20,iid_dual_cap,reset_ridge,10.0,True,2.2863589843602483e-07
20,iid_dual_cap,correction_lm_damping,0.1,True,0.00014697235825922306
20,iid_dual_cap,correction_lm_damping,10.0,True,0.0017691017476426651
20,iid_dual_cap,correction_trust_radius,0.5,True,0.06774182371153603
20,iid_dual_cap,correction_trust_radius,2.0,True,0.15501370402643655
20,previous_inverse_cdf,reset_ridge,0.1,True,2.755070609317123e-06
20,previous_inverse_cdf,reset_ridge,10.0,True,7.664319155309407e-05
20,previous_inverse_cdf,correction_lm_damping,0.1,True,0.0014001203908357018
20,previous_inverse_cdf,correction_lm_damping,10.0,True,0.0041615565056625226
20,previous_inverse_cdf,correction_trust_radius,0.5,True,0.0748241348404769
20,previous_inverse_cdf,correction_trust_radius,2.0,True,0.15076911311085006
20,repaired_permutation,reset_ridge,0.1,True,4.148996168851227e-08
20,repaired_permutation,reset_ridge,10.0,True,0.000481361211835285
20,repaired_permutation,correction_lm_damping,0.1,True,0.0013719665200193631
20,repaired_permutation,correction_lm_damping,10.0,True,0.004151163946531589
20,repaired_permutation,correction_trust_radius,0.5,True,0.0763501815910076
20,repaired_permutation,correction_trust_radius,2.0,True,0.15577791858919354
20,repaired_permutation_ablation,reset_ridge,0.1,True,3.881749499612397e-08
20,repaired_permutation_ablation,reset_ridge,10.0,True,0.0004979462261669454
20,repaired_permutation_ablation,correction_lm_damping,0.1,True,0.0031987908663778652
20,repaired_permutation_ablation,correction_lm_damping,10.0,True,0.004533573367028976
20,repaired_permutation_ablation,correction_trust_radius,0.5,True,0.07193984563623712
20,repaired_permutation_ablation,correction_trust_radius,2.0,True,0.13897442150561
50,iid_dual_cap,reset_ridge,0.1,True,1.6950371950485987e-07
50,iid_dual_cap,reset_ridge,10.0,True,1.6950931982506745e-06
50,iid_dual_cap,correction_lm_damping,0.1,True,0.0015886377172407151
50,iid_dual_cap,correction_lm_damping,10.0,True,0.006478538716800486
50,iid_dual_cap,correction_trust_radius,0.5,True,0.10672653262771448
50,iid_dual_cap,correction_trust_radius,2.0,True,0.3780120596253109
50,previous_inverse_cdf,reset_ridge,0.1,True,3.0829921417563355e-05
50,previous_inverse_cdf,reset_ridge,10.0,True,0.004320890294776447
50,previous_inverse_cdf,correction_lm_damping,0.1,True,0.0019034501011088167
50,previous_inverse_cdf,correction_lm_damping,10.0,True,0.04731315019610527
50,previous_inverse_cdf,correction_trust_radius,0.5,True,0.23418258607054732
50,previous_inverse_cdf,correction_trust_radius,2.0,True,0.34775357556739017
50,repaired_permutation,reset_ridge,0.1,True,0.0006784368939953822
50,repaired_permutation,reset_ridge,10.0,True,0.000726149663002218
50,repaired_permutation,correction_lm_damping,0.1,True,0.013057521145157125
50,repaired_permutation,correction_lm_damping,10.0,True,0.013924256597118045
50,repaired_permutation,correction_trust_radius,0.5,True,0.24319841657984576
50,repaired_permutation,correction_trust_radius,2.0,True,0.308900789204932
50,repaired_permutation_ablation,reset_ridge,0.1,True,2.4374843757613007e-05
50,repaired_permutation_ablation,reset_ridge,10.0,True,0.0018562753183779535
50,repaired_permutation_ablation,correction_lm_damping,0.1,True,0.0145661913655033
50,repaired_permutation_ablation,correction_lm_damping,10.0,True,0.048215221994645674
50,repaired_permutation_ablation,correction_trust_radius,0.5,True,0.23862228368639293
50,repaired_permutation_ablation,correction_trust_radius,2.0,True,0.3564440879909174
120,iid_dual_cap,reset_ridge,0.1,True,1.2662868353885415e-07
120,iid_dual_cap,reset_ridge,10.0,True,1.2648587035535286e-06
120,iid_dual_cap,correction_lm_damping,0.1,True,0.0004084938611443878
120,iid_dual_cap,correction_lm_damping,10.0,True,0.002341228722190447
120,iid_dual_cap,correction_trust_radius,0.5,True,0.04657797945414921
120,iid_dual_cap,correction_trust_radius,2.0,True,0.1748646390334434
120,previous_inverse_cdf,reset_ridge,0.1,True,5.1217696470429175e-05
120,previous_inverse_cdf,reset_ridge,10.0,True,0.0014888227113729613
120,previous_inverse_cdf,correction_lm_damping,0.1,True,0.0019741624568732075
120,previous_inverse_cdf,correction_lm_damping,10.0,True,0.03852934351046544
120,previous_inverse_cdf,correction_trust_radius,0.5,True,0.2173341726112321
120,previous_inverse_cdf,correction_trust_radius,2.0,True,0.4134258761610834
120,repaired_permutation,reset_ridge,0.1,True,3.3645039295260304e-05
120,repaired_permutation,reset_ridge,10.0,True,0.00025751376774119095
120,repaired_permutation,correction_lm_damping,0.1,True,0.013164949523099656
120,repaired_permutation,correction_lm_damping,10.0,True,0.011820301115207155
120,repaired_permutation,correction_trust_radius,0.5,True,0.18467366165208388
120,repaired_permutation,correction_trust_radius,2.0,True,0.4578331919593648
120,repaired_permutation_ablation,reset_ridge,0.1,True,4.711603282436805e-05
120,repaired_permutation_ablation,reset_ridge,10.0,True,0.004257390715174614
120,repaired_permutation_ablation,correction_lm_damping,0.1,True,0.0012109881602393457
120,repaired_permutation_ablation,correction_lm_damping,10.0,True,0.033618222476028636
120,repaired_permutation_ablation,correction_trust_radius,0.5,True,0.1605216148127615
120,repaired_permutation_ablation,correction_trust_radius,2.0,True,0.4194770838643953
