horizon,data_seed,filter_seed,method,program,tuning,valid,value,reference_value,absolute_error
10,213001,214001,iid_dual_cap,fp64_gpu_xla_ksc_seven_mixture,/home/chakwong/BayesFilter-SQMC/docs/plans/artifacts/sqmc-ksc-sv-20260928/attempt-02/T10_iid_dual_cap-attempt-01/tuning.json,True,-23.387471667954834,-23.15462853201925,0.23284313593558537
10,213002,214002,iid_dual_cap,fp64_gpu_xla_ksc_seven_mixture,/home/chakwong/BayesFilter-SQMC/docs/plans/artifacts/sqmc-ksc-sv-20260928/attempt-02/T10_iid_dual_cap-attempt-01/tuning.json,True,-20.420341121829495,-20.551949733832565,0.1316086120030704
10,213003,214003,iid_dual_cap,fp64_gpu_xla_ksc_seven_mixture,/home/chakwong/BayesFilter-SQMC/docs/plans/artifacts/sqmc-ksc-sv-20260928/attempt-02/T10_iid_dual_cap-attempt-01/tuning.json,True,-24.882322460366368,-24.686542406866696,0.19578005349967142
10,213004,214004,iid_dual_cap,fp64_gpu_xla_ksc_seven_mixture,/home/chakwong/BayesFilter-SQMC/docs/plans/artifacts/sqmc-ksc-sv-20260928/attempt-02/T10_iid_dual_cap-attempt-01/tuning.json,True,-24.90648894836538,-24.919905978347774,0.01341702998239569
10,213005,214005,iid_dual_cap,fp64_gpu_xla_ksc_seven_mixture,/home/chakwong/BayesFilter-SQMC/docs/plans/artifacts/sqmc-ksc-sv-20260928/attempt-02/T10_iid_dual_cap-attempt-01/tuning.json,True,-29.018594570994907,-29.01563340214232,0.002961168852586127
10,213006,214006,iid_dual_cap,fp64_gpu_xla_ksc_seven_mixture,/home/chakwong/BayesFilter-SQMC/docs/plans/artifacts/sqmc-ksc-sv-20260928/attempt-02/T10_iid_dual_cap-attempt-01/tuning.json,True,-24.742978161526207,-24.72779241848701,0.015185743039197064
10,213007,214007,iid_dual_cap,fp64_gpu_xla_ksc_seven_mixture,/home/chakwong/BayesFilter-SQMC/docs/plans/artifacts/sqmc-ksc-sv-20260928/attempt-02/T10_iid_dual_cap-attempt-01/tuning.json,True,-21.363109128821787,-21.389475996817826,0.026366867996038934
10,213008,214008,iid_dual_cap,fp64_gpu_xla_ksc_seven_mixture,/home/chakwong/BayesFilter-SQMC/docs/plans/artifacts/sqmc-ksc-sv-20260928/attempt-02/T10_iid_dual_cap-attempt-01/tuning.json,True,-21.421796131513908,-21.108209316641137,0.31358681487277096
10,213001,214001,previous_inverse_cdf,fp64_gpu_xla_ksc_seven_mixture,/home/chakwong/BayesFilter-SQMC/docs/plans/artifacts/sqmc-ksc-sv-20260928/attempt-02/T10_previous_inverse_cdf-attempt-01/tuning.json,True,-23.15168085813567,-23.15462853201925,0.0029476738835789718
10,213002,214002,previous_inverse_cdf,fp64_gpu_xla_ksc_seven_mixture,/home/chakwong/BayesFilter-SQMC/docs/plans/artifacts/sqmc-ksc-sv-20260928/attempt-02/T10_previous_inverse_cdf-attempt-01/tuning.json,True,-20.523862685421765,-20.551949733832565,0.02808704841080001
10,213003,214003,previous_inverse_cdf,fp64_gpu_xla_ksc_seven_mixture,/home/chakwong/BayesFilter-SQMC/docs/plans/artifacts/sqmc-ksc-sv-20260928/attempt-02/T10_previous_inverse_cdf-attempt-01/tuning.json,True,-24.926993761410788,-24.686542406866696,0.24045135454409206
10,213004,214004,previous_inverse_cdf,fp64_gpu_xla_ksc_seven_mixture,/home/chakwong/BayesFilter-SQMC/docs/plans/artifacts/sqmc-ksc-sv-20260928/attempt-02/T10_previous_inverse_cdf-attempt-01/tuning.json,True,-25.014522401717876,-24.919905978347774,0.0946164233701019
10,213005,214005,previous_inverse_cdf,fp64_gpu_xla_ksc_seven_mixture,/home/chakwong/BayesFilter-SQMC/docs/plans/artifacts/sqmc-ksc-sv-20260928/attempt-02/T10_previous_inverse_cdf-attempt-01/tuning.json,True,-28.96192997915389,-29.01563340214232,0.05370342298843056
10,213006,214006,previous_inverse_cdf,fp64_gpu_xla_ksc_seven_mixture,/home/chakwong/BayesFilter-SQMC/docs/plans/artifacts/sqmc-ksc-sv-20260928/attempt-02/T10_previous_inverse_cdf-attempt-01/tuning.json,True,-24.709309487373105,-24.72779241848701,0.018482931113904755
10,213007,214007,previous_inverse_cdf,fp64_gpu_xla_ksc_seven_mixture,/home/chakwong/BayesFilter-SQMC/docs/plans/artifacts/sqmc-ksc-sv-20260928/attempt-02/T10_previous_inverse_cdf-attempt-01/tuning.json,True,-21.282766004304236,-21.389475996817826,0.10670999251358992
10,213008,214008,previous_inverse_cdf,fp64_gpu_xla_ksc_seven_mixture,/home/chakwong/BayesFilter-SQMC/docs/plans/artifacts/sqmc-ksc-sv-20260928/attempt-02/T10_previous_inverse_cdf-attempt-01/tuning.json,True,-21.335548957863274,-21.108209316641137,0.22733964122213735
10,213001,214001,repaired_permutation,fp64_gpu_xla_ksc_seven_mixture,/home/chakwong/BayesFilter-SQMC/docs/plans/artifacts/sqmc-ksc-sv-20260928/attempt-02/T10_repaired_permutation-attempt-01/tuning.json,True,-23.150337762538413,-23.15462853201925,0.004290769480835621
10,213002,214002,repaired_permutation,fp64_gpu_xla_ksc_seven_mixture,/home/chakwong/BayesFilter-SQMC/docs/plans/artifacts/sqmc-ksc-sv-20260928/attempt-02/T10_repaired_permutation-attempt-01/tuning.json,True,-20.523109909200233,-20.551949733832565,0.028839824632331812
10,213003,214003,repaired_permutation,fp64_gpu_xla_ksc_seven_mixture,/home/chakwong/BayesFilter-SQMC/docs/plans/artifacts/sqmc-ksc-sv-20260928/attempt-02/T10_repaired_permutation-attempt-01/tuning.json,True,-24.92521847554631,-24.686542406866696,0.238676068679613
10,213004,214004,repaired_permutation,fp64_gpu_xla_ksc_seven_mixture,/home/chakwong/BayesFilter-SQMC/docs/plans/artifacts/sqmc-ksc-sv-20260928/attempt-02/T10_repaired_permutation-attempt-01/tuning.json,True,-25.014662010114577,-24.919905978347774,0.0947560317668028
10,213005,214005,repaired_permutation,fp64_gpu_xla_ksc_seven_mixture,/home/chakwong/BayesFilter-SQMC/docs/plans/artifacts/sqmc-ksc-sv-20260928/attempt-02/T10_repaired_permutation-attempt-01/tuning.json,True,-28.958967837414626,-29.01563340214232,0.05666556472769457
10,213006,214006,repaired_permutation,fp64_gpu_xla_ksc_seven_mixture,/home/chakwong/BayesFilter-SQMC/docs/plans/artifacts/sqmc-ksc-sv-20260928/attempt-02/T10_repaired_permutation-attempt-01/tuning.json,True,-24.710142811352668,-24.72779241848701,0.017649607134341494
10,213007,214007,repaired_permutation,fp64_gpu_xla_ksc_seven_mixture,/home/chakwong/BayesFilter-SQMC/docs/plans/artifacts/sqmc-ksc-sv-20260928/attempt-02/T10_repaired_permutation-attempt-01/tuning.json,True,-21.28365180064767,-21.389475996817826,0.10582419617015404
10,213008,214008,repaired_permutation,fp64_gpu_xla_ksc_seven_mixture,/home/chakwong/BayesFilter-SQMC/docs/plans/artifacts/sqmc-ksc-sv-20260928/attempt-02/T10_repaired_permutation-attempt-01/tuning.json,True,-21.335752376020764,-21.108209316641137,0.22754305937962727
10,213001,214001,repaired_permutation_ablation,fp64_gpu_xla_ksc_seven_mixture,/home/chakwong/BayesFilter-SQMC/docs/plans/artifacts/sqmc-ksc-sv-20260928/attempt-02/T10_repaired_permutation_ablation-attempt-01/tuning.json,True,-23.150323080183263,-23.15462853201925,0.004305451835985963
10,213002,214002,repaired_permutation_ablation,fp64_gpu_xla_ksc_seven_mixture,/home/chakwong/BayesFilter-SQMC/docs/plans/artifacts/sqmc-ksc-sv-20260928/attempt-02/T10_repaired_permutation_ablation-attempt-01/tuning.json,True,-20.523152662477614,-20.551949733832565,0.028797071354951242
10,213003,214003,repaired_permutation_ablation,fp64_gpu_xla_ksc_seven_mixture,/home/chakwong/BayesFilter-SQMC/docs/plans/artifacts/sqmc-ksc-sv-20260928/attempt-02/T10_repaired_permutation_ablation-attempt-01/tuning.json,True,-24.926917635449016,-24.686542406866696,0.24037522858231952
10,213004,214004,repaired_permutation_ablation,fp64_gpu_xla_ksc_seven_mixture,/home/chakwong/BayesFilter-SQMC/docs/plans/artifacts/sqmc-ksc-sv-20260928/attempt-02/T10_repaired_permutation_ablation-attempt-01/tuning.json,True,-25.015228089254048,-24.919905978347774,0.09532211090627385
10,213005,214005,repaired_permutation_ablation,fp64_gpu_xla_ksc_seven_mixture,/home/chakwong/BayesFilter-SQMC/docs/plans/artifacts/sqmc-ksc-sv-20260928/attempt-02/T10_repaired_permutation_ablation-attempt-01/tuning.json,True,-28.958876305903644,-29.01563340214232,0.05675709623867675
10,213006,214006,repaired_permutation_ablation,fp64_gpu_xla_ksc_seven_mixture,/home/chakwong/BayesFilter-SQMC/docs/plans/artifacts/sqmc-ksc-sv-20260928/attempt-02/T10_repaired_permutation_ablation-attempt-01/tuning.json,True,-24.70989436604679,-24.72779241848701,0.017898052440219914
10,213007,214007,repaired_permutation_ablation,fp64_gpu_xla_ksc_seven_mixture,/home/chakwong/BayesFilter-SQMC/docs/plans/artifacts/sqmc-ksc-sv-20260928/attempt-02/T10_repaired_permutation_ablation-attempt-01/tuning.json,True,-21.28319064774435,-21.389475996817826,0.10628534907347387
10,213008,214008,repaired_permutation_ablation,fp64_gpu_xla_ksc_seven_mixture,/home/chakwong/BayesFilter-SQMC/docs/plans/artifacts/sqmc-ksc-sv-20260928/attempt-02/T10_repaired_permutation_ablation-attempt-01/tuning.json,True,-21.33676276088022,-21.108209316641137,0.22855344423908264
20,213001,214001,iid_dual_cap,fp64_gpu_xla_ksc_seven_mixture,/home/chakwong/BayesFilter-SQMC/docs/plans/artifacts/sqmc-ksc-sv-20260928/attempt-02/T20_iid_dual_cap-attempt-01/tuning.json,True,-48.28601640944435,-47.546995394884775,0.7390210145595759
20,213002,214002,iid_dual_cap,fp64_gpu_xla_ksc_seven_mixture,/home/chakwong/BayesFilter-SQMC/docs/plans/artifacts/sqmc-ksc-sv-20260928/attempt-02/T20_iid_dual_cap-attempt-01/tuning.json,True,-45.232330525313,-45.27390865597691,0.041578130663907586
20,213003,214003,iid_dual_cap,fp64_gpu_xla_ksc_seven_mixture,/home/chakwong/BayesFilter-SQMC/docs/plans/artifacts/sqmc-ksc-sv-20260928/attempt-02/T20_iid_dual_cap-attempt-01/tuning.json,True,-42.31502261352517,-42.155402303361065,0.15962031016410805
20,213004,214004,iid_dual_cap,fp64_gpu_xla_ksc_seven_mixture,/home/chakwong/BayesFilter-SQMC/docs/plans/artifacts/sqmc-ksc-sv-20260928/attempt-02/T20_iid_dual_cap-attempt-01/tuning.json,True,-42.86854755829365,-42.79936004442537,0.06918751386827893
20,213005,214005,iid_dual_cap,fp64_gpu_xla_ksc_seven_mixture,/home/chakwong/BayesFilter-SQMC/docs/plans/artifacts/sqmc-ksc-sv-20260928/attempt-02/T20_iid_dual_cap-attempt-01/tuning.json,True,-61.37206456009975,-57.04108344700037,4.330981113099384
20,213006,214006,iid_dual_cap,fp64_gpu_xla_ksc_seven_mixture,/home/chakwong/BayesFilter-SQMC/docs/plans/artifacts/sqmc-ksc-sv-20260928/attempt-02/T20_iid_dual_cap-attempt-01/tuning.json,True,-43.24873426174338,-43.18764059964246,0.06109366210092304
20,213007,214007,iid_dual_cap,fp64_gpu_xla_ksc_seven_mixture,/home/chakwong/BayesFilter-SQMC/docs/plans/artifacts/sqmc-ksc-sv-20260928/attempt-02/T20_iid_dual_cap-attempt-01/tuning.json,True,-47.815867019983614,-47.453371059589244,0.3624959603943694
20,213008,214008,iid_dual_cap,fp64_gpu_xla_ksc_seven_mixture,/home/chakwong/BayesFilter-SQMC/docs/plans/artifacts/sqmc-ksc-sv-20260928/attempt-02/T20_iid_dual_cap-attempt-01/tuning.json,True,-47.207102032465116,-47.15472488809141,0.05237714437370755
20,213001,214001,previous_inverse_cdf,fp64_gpu_xla_ksc_seven_mixture,/home/chakwong/BayesFilter-SQMC/docs/plans/artifacts/sqmc-ksc-sv-20260928/attempt-02/T20_previous_inverse_cdf-attempt-01/tuning.json,True,-47.66641192155255,-47.546995394884775,0.11941652666777713
20,213002,214002,previous_inverse_cdf,fp64_gpu_xla_ksc_seven_mixture,/home/chakwong/BayesFilter-SQMC/docs/plans/artifacts/sqmc-ksc-sv-20260928/attempt-02/T20_previous_inverse_cdf-attempt-01/tuning.json,True,-45.24566192222116,-45.27390865597691,0.028246733755750597
20,213003,214003,previous_inverse_cdf,fp64_gpu_xla_ksc_seven_mixture,/home/chakwong/BayesFilter-SQMC/docs/plans/artifacts/sqmc-ksc-sv-20260928/attempt-02/T20_previous_inverse_cdf-attempt-01/tuning.json,True,-42.36726815914372,-42.155402303361065,0.21186585578265493
20,213004,214004,previous_inverse_cdf,fp64_gpu_xla_ksc_seven_mixture,/home/chakwong/BayesFilter-SQMC/docs/plans/artifacts/sqmc-ksc-sv-20260928/attempt-02/T20_previous_inverse_cdf-attempt-01/tuning.json,True,-42.85834048541944,-42.79936004442537,0.05898044099406974
20,213005,214005,previous_inverse_cdf,fp64_gpu_xla_ksc_seven_mixture,/home/chakwong/BayesFilter-SQMC/docs/plans/artifacts/sqmc-ksc-sv-20260928/attempt-02/T20_previous_inverse_cdf-attempt-01/tuning.json,True,-57.62741955329655,-57.04108344700037,0.58633610629618
20,213006,214006,previous_inverse_cdf,fp64_gpu_xla_ksc_seven_mixture,/home/chakwong/BayesFilter-SQMC/docs/plans/artifacts/sqmc-ksc-sv-20260928/attempt-02/T20_previous_inverse_cdf-attempt-01/tuning.json,True,-43.448678952582256,-43.18764059964246,0.26103835293979927
20,213007,214007,previous_inverse_cdf,fp64_gpu_xla_ksc_seven_mixture,/home/chakwong/BayesFilter-SQMC/docs/plans/artifacts/sqmc-ksc-sv-20260928/attempt-02/T20_previous_inverse_cdf-attempt-01/tuning.json,True,-47.72133579693926,-47.453371059589244,0.26796473735001314
20,213008,214008,previous_inverse_cdf,fp64_gpu_xla_ksc_seven_mixture,/home/chakwong/BayesFilter-SQMC/docs/plans/artifacts/sqmc-ksc-sv-20260928/attempt-02/T20_previous_inverse_cdf-attempt-01/tuning.json,True,-47.294208323784126,-47.15472488809141,0.1394834356927177
20,213001,214001,repaired_permutation,fp64_gpu_xla_ksc_seven_mixture,/home/chakwong/BayesFilter-SQMC/docs/plans/artifacts/sqmc-ksc-sv-20260928/attempt-02/T20_repaired_permutation-attempt-01/tuning.json,True,-47.66553678493338,-47.546995394884775,0.11854139004860542
20,213002,214002,repaired_permutation,fp64_gpu_xla_ksc_seven_mixture,/home/chakwong/BayesFilter-SQMC/docs/plans/artifacts/sqmc-ksc-sv-20260928/attempt-02/T20_repaired_permutation-attempt-01/tuning.json,True,-45.24538705124365,-45.27390865597691,0.028521604733263928
20,213003,214003,repaired_permutation,fp64_gpu_xla_ksc_seven_mixture,/home/chakwong/BayesFilter-SQMC/docs/plans/artifacts/sqmc-ksc-sv-20260928/attempt-02/T20_repaired_permutation-attempt-01/tuning.json,True,-42.36614602165048,-42.155402303361065,0.21074371828941452
20,213004,214004,repaired_permutation,fp64_gpu_xla_ksc_seven_mixture,/home/chakwong/BayesFilter-SQMC/docs/plans/artifacts/sqmc-ksc-sv-20260928/attempt-02/T20_repaired_permutation-attempt-01/tuning.json,True,-42.85702124449166,-42.79936004442537,0.05766120006629194
20,213005,214005,repaired_permutation,fp64_gpu_xla_ksc_seven_mixture,/home/chakwong/BayesFilter-SQMC/docs/plans/artifacts/sqmc-ksc-sv-20260928/attempt-02/T20_repaired_permutation-attempt-01/tuning.json,True,-57.63136267248508,-57.04108344700037,0.5902792254847142
20,213006,214006,repaired_permutation,fp64_gpu_xla_ksc_seven_mixture,/home/chakwong/BayesFilter-SQMC/docs/plans/artifacts/sqmc-ksc-sv-20260928/attempt-02/T20_repaired_permutation-attempt-01/tuning.json,True,-43.45018253626738,-43.18764059964246,0.2625419366249204
20,213007,214007,repaired_permutation,fp64_gpu_xla_ksc_seven_mixture,/home/chakwong/BayesFilter-SQMC/docs/plans/artifacts/sqmc-ksc-sv-20260928/attempt-02/T20_repaired_permutation-attempt-01/tuning.json,True,-47.72034029898116,-47.453371059589244,0.2669692393919121
20,213008,214008,repaired_permutation,fp64_gpu_xla_ksc_seven_mixture,/home/chakwong/BayesFilter-SQMC/docs/plans/artifacts/sqmc-ksc-sv-20260928/attempt-02/T20_repaired_permutation-attempt-01/tuning.json,True,-47.29396000246067,-47.15472488809141,0.1392351143692636
20,213001,214001,repaired_permutation_ablation,fp64_gpu_xla_ksc_seven_mixture,/home/chakwong/BayesFilter-SQMC/docs/plans/artifacts/sqmc-ksc-sv-20260928/attempt-02/T20_repaired_permutation_ablation-attempt-01/tuning.json,True,-47.66553786723705,-47.546995394884775,0.11854247235227433
20,213002,214002,repaired_permutation_ablation,fp64_gpu_xla_ksc_seven_mixture,/home/chakwong/BayesFilter-SQMC/docs/plans/artifacts/sqmc-ksc-sv-20260928/attempt-02/T20_repaired_permutation_ablation-attempt-01/tuning.json,True,-45.24496107790005,-45.27390865597691,0.02894757807685977
20,213003,214003,repaired_permutation_ablation,fp64_gpu_xla_ksc_seven_mixture,/home/chakwong/BayesFilter-SQMC/docs/plans/artifacts/sqmc-ksc-sv-20260928/attempt-02/T20_repaired_permutation_ablation-attempt-01/tuning.json,True,-42.367429327637105,-42.155402303361065,0.2120270242760398
20,213004,214004,repaired_permutation_ablation,fp64_gpu_xla_ksc_seven_mixture,/home/chakwong/BayesFilter-SQMC/docs/plans/artifacts/sqmc-ksc-sv-20260928/attempt-02/T20_repaired_permutation_ablation-attempt-01/tuning.json,True,-42.85759439420568,-42.79936004442537,0.058234349780306616
20,213005,214005,repaired_permutation_ablation,fp64_gpu_xla_ksc_seven_mixture,/home/chakwong/BayesFilter-SQMC/docs/plans/artifacts/sqmc-ksc-sv-20260928/attempt-02/T20_repaired_permutation_ablation-attempt-01/tuning.json,True,-57.63388529061051,-57.04108344700037,0.5928018436101397
20,213006,214006,repaired_permutation_ablation,fp64_gpu_xla_ksc_seven_mixture,/home/chakwong/BayesFilter-SQMC/docs/plans/artifacts/sqmc-ksc-sv-20260928/attempt-02/T20_repaired_permutation_ablation-attempt-01/tuning.json,True,-43.450752088204354,-43.18764059964246,0.26311148856189703
20,213007,214007,repaired_permutation_ablation,fp64_gpu_xla_ksc_seven_mixture,/home/chakwong/BayesFilter-SQMC/docs/plans/artifacts/sqmc-ksc-sv-20260928/attempt-02/T20_repaired_permutation_ablation-attempt-01/tuning.json,True,-47.72036526071649,-47.453371059589244,0.2669942011272468
20,213008,214008,repaired_permutation_ablation,fp64_gpu_xla_ksc_seven_mixture,/home/chakwong/BayesFilter-SQMC/docs/plans/artifacts/sqmc-ksc-sv-20260928/attempt-02/T20_repaired_permutation_ablation-attempt-01/tuning.json,True,-47.294669360077044,-47.15472488809141,0.1399444719856362
50,213001,214001,iid_dual_cap,fp64_gpu_xla_ksc_seven_mixture,/home/chakwong/BayesFilter-SQMC/docs/plans/artifacts/sqmc-ksc-sv-20260928/attempt-02/T50_iid_dual_cap-attempt-01/tuning.json,True,-118.72326700831036,-117.81082518087939,0.9124418274309676
50,213002,214002,iid_dual_cap,fp64_gpu_xla_ksc_seven_mixture,/home/chakwong/BayesFilter-SQMC/docs/plans/artifacts/sqmc-ksc-sv-20260928/attempt-02/T50_iid_dual_cap-attempt-01/tuning.json,True,-111.270252998342,-111.16949391426077,0.10075908408123269
50,213003,214003,iid_dual_cap,fp64_gpu_xla_ksc_seven_mixture,/home/chakwong/BayesFilter-SQMC/docs/plans/artifacts/sqmc-ksc-sv-20260928/attempt-02/T50_iid_dual_cap-attempt-01/tuning.json,True,-125.18318715091957,-125.12304511372409,0.06014203719547595
50,213004,214004,iid_dual_cap,fp64_gpu_xla_ksc_seven_mixture,/home/chakwong/BayesFilter-SQMC/docs/plans/artifacts/sqmc-ksc-sv-20260928/attempt-02/T50_iid_dual_cap-attempt-01/tuning.json,True,-120.45148631831238,-119.72605530126842,0.7254310170439595
50,213005,214005,iid_dual_cap,fp64_gpu_xla_ksc_seven_mixture,/home/chakwong/BayesFilter-SQMC/docs/plans/artifacts/sqmc-ksc-sv-20260928/attempt-02/T50_iid_dual_cap-attempt-01/tuning.json,True,-123.65720599619752,-121.90786157311211,1.7493444230854038
50,213006,214006,iid_dual_cap,fp64_gpu_xla_ksc_seven_mixture,/home/chakwong/BayesFilter-SQMC/docs/plans/artifacts/sqmc-ksc-sv-20260928/attempt-02/T50_iid_dual_cap-attempt-01/tuning.json,True,-111.32118028759679,-110.78465565194705,0.5365246356497408
50,213007,214007,iid_dual_cap,fp64_gpu_xla_ksc_seven_mixture,/home/chakwong/BayesFilter-SQMC/docs/plans/artifacts/sqmc-ksc-sv-20260928/attempt-02/T50_iid_dual_cap-attempt-01/tuning.json,True,-110.92230098371836,-110.86344111336204,0.058859870356315014
50,213008,214008,iid_dual_cap,fp64_gpu_xla_ksc_seven_mixture,/home/chakwong/BayesFilter-SQMC/docs/plans/artifacts/sqmc-ksc-sv-20260928/attempt-02/T50_iid_dual_cap-attempt-01/tuning.json,True,-118.77712577730057,-119.05139690846366,0.2742711311630899
50,213001,214001,previous_inverse_cdf,fp64_gpu_xla_ksc_seven_mixture,/home/chakwong/BayesFilter-SQMC/docs/plans/artifacts/sqmc-ksc-sv-20260928/attempt-02/T50_previous_inverse_cdf-attempt-01/tuning.json,True,-118.46887816115306,-117.81082518087939,0.6580529802736663
50,213002,214002,previous_inverse_cdf,fp64_gpu_xla_ksc_seven_mixture,/home/chakwong/BayesFilter-SQMC/docs/plans/artifacts/sqmc-ksc-sv-20260928/attempt-02/T50_previous_inverse_cdf-attempt-01/tuning.json,True,-111.11030031584072,-111.16949391426077,0.059193598420051785
50,213003,214003,previous_inverse_cdf,fp64_gpu_xla_ksc_seven_mixture,/home/chakwong/BayesFilter-SQMC/docs/plans/artifacts/sqmc-ksc-sv-20260928/attempt-02/T50_previous_inverse_cdf-attempt-01/tuning.json,True,-123.51888346746027,-125.12304511372409,1.6041616462638189
50,213004,214004,previous_inverse_cdf,fp64_gpu_xla_ksc_seven_mixture,/home/chakwong/BayesFilter-SQMC/docs/plans/artifacts/sqmc-ksc-sv-20260928/attempt-02/T50_previous_inverse_cdf-attempt-01/tuning.json,True,-120.15721728992041,-119.72605530126842,0.4311619886519935
50,213005,214005,previous_inverse_cdf,fp64_gpu_xla_ksc_seven_mixture,/home/chakwong/BayesFilter-SQMC/docs/plans/artifacts/sqmc-ksc-sv-20260928/attempt-02/T50_previous_inverse_cdf-attempt-01/tuning.json,True,-123.52614733964292,-121.90786157311211,1.6182857665308035
50,213006,214006,previous_inverse_cdf,fp64_gpu_xla_ksc_seven_mixture,/home/chakwong/BayesFilter-SQMC/docs/plans/artifacts/sqmc-ksc-sv-20260928/attempt-02/T50_previous_inverse_cdf-attempt-01/tuning.json,True,-111.12406004600874,-110.78465565194705,0.3394043940616882
50,213007,214007,previous_inverse_cdf,fp64_gpu_xla_ksc_seven_mixture,/home/chakwong/BayesFilter-SQMC/docs/plans/artifacts/sqmc-ksc-sv-20260928/attempt-02/T50_previous_inverse_cdf-attempt-01/tuning.json,True,-110.86942592798937,-110.86344111336204,0.005984814627325363
50,213008,214008,previous_inverse_cdf,fp64_gpu_xla_ksc_seven_mixture,/home/chakwong/BayesFilter-SQMC/docs/plans/artifacts/sqmc-ksc-sv-20260928/attempt-02/T50_previous_inverse_cdf-attempt-01/tuning.json,True,-118.97006352528511,-119.05139690846366,0.08133338317854566
50,213001,214001,repaired_permutation,fp64_gpu_xla_ksc_seven_mixture,/home/chakwong/BayesFilter-SQMC/docs/plans/artifacts/sqmc-ksc-sv-20260928/attempt-02/T50_repaired_permutation-attempt-01/tuning.json,True,-118.46900220970315,-117.81082518087939,0.6581770288237578
50,213002,214002,repaired_permutation,fp64_gpu_xla_ksc_seven_mixture,/home/chakwong/BayesFilter-SQMC/docs/plans/artifacts/sqmc-ksc-sv-20260928/attempt-02/T50_repaired_permutation-attempt-01/tuning.json,True,-111.11145079679515,-111.16949391426077,0.058043117465615524
50,213003,214003,repaired_permutation,fp64_gpu_xla_ksc_seven_mixture,/home/chakwong/BayesFilter-SQMC/docs/plans/artifacts/sqmc-ksc-sv-20260928/attempt-02/T50_repaired_permutation-attempt-01/tuning.json,True,-123.51758615142914,-125.12304511372409,1.6054589622949464
50,213004,214004,repaired_permutation,fp64_gpu_xla_ksc_seven_mixture,/home/chakwong/BayesFilter-SQMC/docs/plans/artifacts/sqmc-ksc-sv-20260928/attempt-02/T50_repaired_permutation-attempt-01/tuning.json,True,-120.1572008882661,-119.72605530126842,0.4311455869976868
50,213005,214005,repaired_permutation,fp64_gpu_xla_ksc_seven_mixture,/home/chakwong/BayesFilter-SQMC/docs/plans/artifacts/sqmc-ksc-sv-20260928/attempt-02/T50_repaired_permutation-attempt-01/tuning.json,True,-123.5287120618979,-121.90786157311211,1.6208504887857913
50,213006,214006,repaired_permutation,fp64_gpu_xla_ksc_seven_mixture,/home/chakwong/BayesFilter-SQMC/docs/plans/artifacts/sqmc-ksc-sv-20260928/attempt-02/T50_repaired_permutation-attempt-01/tuning.json,True,-111.12527721866769,-110.78465565194705,0.3406215667206425
50,213007,214007,repaired_permutation,fp64_gpu_xla_ksc_seven_mixture,/home/chakwong/BayesFilter-SQMC/docs/plans/artifacts/sqmc-ksc-sv-20260928/attempt-02/T50_repaired_permutation-attempt-01/tuning.json,True,-110.8667536609629,-110.86344111336204,0.003312547600856419
50,213008,214008,repaired_permutation,fp64_gpu_xla_ksc_seven_mixture,/home/chakwong/BayesFilter-SQMC/docs/plans/artifacts/sqmc-ksc-sv-20260928/attempt-02/T50_repaired_permutation-attempt-01/tuning.json,True,-118.9732158306178,-119.05139690846366,0.07818107784585493
50,213001,214001,repaired_permutation_ablation,fp64_gpu_xla_ksc_seven_mixture,/home/chakwong/BayesFilter-SQMC/docs/plans/artifacts/sqmc-ksc-sv-20260928/attempt-02/T50_repaired_permutation_ablation-attempt-01/tuning.json,True,-118.4716126969381,-117.81082518087939,0.6607875160587042
50,213002,214002,repaired_permutation_ablation,fp64_gpu_xla_ksc_seven_mixture,/home/chakwong/BayesFilter-SQMC/docs/plans/artifacts/sqmc-ksc-sv-20260928/attempt-02/T50_repaired_permutation_ablation-attempt-01/tuning.json,True,-111.11094232083994,-111.16949391426077,0.05855159342083027
50,213003,214003,repaired_permutation_ablation,fp64_gpu_xla_ksc_seven_mixture,/home/chakwong/BayesFilter-SQMC/docs/plans/artifacts/sqmc-ksc-sv-20260928/attempt-02/T50_repaired_permutation_ablation-attempt-01/tuning.json,True,-123.51712654678373,-125.12304511372409,1.6059185669403604
50,213004,214004,repaired_permutation_ablation,fp64_gpu_xla_ksc_seven_mixture,/home/chakwong/BayesFilter-SQMC/docs/plans/artifacts/sqmc-ksc-sv-20260928/attempt-02/T50_repaired_permutation_ablation-attempt-01/tuning.json,True,-120.15926722494403,-119.72605530126842,0.43321192367561423
50,213005,214005,repaired_permutation_ablation,fp64_gpu_xla_ksc_seven_mixture,/home/chakwong/BayesFilter-SQMC/docs/plans/artifacts/sqmc-ksc-sv-20260928/attempt-02/T50_repaired_permutation_ablation-attempt-01/tuning.json,True,-123.529685524278,-121.90786157311211,1.6218239511658794
50,213006,214006,repaired_permutation_ablation,fp64_gpu_xla_ksc_seven_mixture,/home/chakwong/BayesFilter-SQMC/docs/plans/artifacts/sqmc-ksc-sv-20260928/attempt-02/T50_repaired_permutation_ablation-attempt-01/tuning.json,True,-111.12409852742447,-110.78465565194705,0.3394428754774168
50,213007,214007,repaired_permutation_ablation,fp64_gpu_xla_ksc_seven_mixture,/home/chakwong/BayesFilter-SQMC/docs/plans/artifacts/sqmc-ksc-sv-20260928/attempt-02/T50_repaired_permutation_ablation-attempt-01/tuning.json,True,-110.86735477535481,-110.86344111336204,0.00391366199276888
50,213008,214008,repaired_permutation_ablation,fp64_gpu_xla_ksc_seven_mixture,/home/chakwong/BayesFilter-SQMC/docs/plans/artifacts/sqmc-ksc-sv-20260928/attempt-02/T50_repaired_permutation_ablation-attempt-01/tuning.json,True,-118.96962614747589,-119.05139690846366,0.08177076098776581
120,213001,214001,iid_dual_cap,fp64_gpu_xla_ksc_seven_mixture,/home/chakwong/BayesFilter-SQMC/docs/plans/artifacts/sqmc-ksc-sv-20260928/attempt-02/T120_iid_dual_cap-attempt-01/tuning.json,True,-280.553354062512,-278.78831799936876,1.7650360631432704
120,213002,214002,iid_dual_cap,fp64_gpu_xla_ksc_seven_mixture,/home/chakwong/BayesFilter-SQMC/docs/plans/artifacts/sqmc-ksc-sv-20260928/attempt-02/T120_iid_dual_cap-attempt-01/tuning.json,True,-272.8078495236601,-272.63962689167346,0.16822263198662313
120,213003,214003,iid_dual_cap,fp64_gpu_xla_ksc_seven_mixture,/home/chakwong/BayesFilter-SQMC/docs/plans/artifacts/sqmc-ksc-sv-20260928/attempt-02/T120_iid_dual_cap-attempt-01/tuning.json,True,-309.354532580239,-306.1621015921096,3.192430988129388
120,213004,214004,iid_dual_cap,fp64_gpu_xla_ksc_seven_mixture,/home/chakwong/BayesFilter-SQMC/docs/plans/artifacts/sqmc-ksc-sv-20260928/attempt-02/T120_iid_dual_cap-attempt-01/tuning.json,True,-275.68465274983737,-272.7478798298562,2.9367729199811947
120,213005,214005,iid_dual_cap,fp64_gpu_xla_ksc_seven_mixture,/home/chakwong/BayesFilter-SQMC/docs/plans/artifacts/sqmc-ksc-sv-20260928/attempt-02/T120_iid_dual_cap-attempt-01/tuning.json,True,-273.91872546714745,-273.0801018989566,0.8386235681908261
120,213006,214006,iid_dual_cap,fp64_gpu_xla_ksc_seven_mixture,/home/chakwong/BayesFilter-SQMC/docs/plans/artifacts/sqmc-ksc-sv-20260928/attempt-02/T120_iid_dual_cap-attempt-01/tuning.json,True,-282.266057167749,-282.122686066188,0.14337110156100152
120,213007,214007,iid_dual_cap,fp64_gpu_xla_ksc_seven_mixture,/home/chakwong/BayesFilter-SQMC/docs/plans/artifacts/sqmc-ksc-sv-20260928/attempt-02/T120_iid_dual_cap-attempt-01/tuning.json,True,-282.63675853916936,-279.8239032676375,2.8128552715318733
120,213008,214008,iid_dual_cap,fp64_gpu_xla_ksc_seven_mixture,/home/chakwong/BayesFilter-SQMC/docs/plans/artifacts/sqmc-ksc-sv-20260928/attempt-02/T120_iid_dual_cap-attempt-01/tuning.json,True,-284.93607591335507,-283.2852125352308,1.6508633781242565
120,213001,214001,previous_inverse_cdf,fp64_gpu_xla_ksc_seven_mixture,/home/chakwong/BayesFilter-SQMC/docs/plans/artifacts/sqmc-ksc-sv-20260928/attempt-02/T120_previous_inverse_cdf-attempt-01/tuning.json,True,-278.87363986037633,-278.78831799936876,0.08532186100757144
120,213002,214002,previous_inverse_cdf,fp64_gpu_xla_ksc_seven_mixture,/home/chakwong/BayesFilter-SQMC/docs/plans/artifacts/sqmc-ksc-sv-20260928/attempt-02/T120_previous_inverse_cdf-attempt-01/tuning.json,True,-273.1084595259476,-272.63962689167346,0.46883263427412203
120,213003,214003,previous_inverse_cdf,fp64_gpu_xla_ksc_seven_mixture,/home/chakwong/BayesFilter-SQMC/docs/plans/artifacts/sqmc-ksc-sv-20260928/attempt-02/T120_previous_inverse_cdf-attempt-01/tuning.json,True,-307.44219715656556,-306.1621015921096,1.2800955644559622
120,213004,214004,previous_inverse_cdf,fp64_gpu_xla_ksc_seven_mixture,/home/chakwong/BayesFilter-SQMC/docs/plans/artifacts/sqmc-ksc-sv-20260928/attempt-02/T120_previous_inverse_cdf-attempt-01/tuning.json,True,-275.4145837507686,-272.7478798298562,2.6667039209124255
120,213005,214005,previous_inverse_cdf,fp64_gpu_xla_ksc_seven_mixture,/home/chakwong/BayesFilter-SQMC/docs/plans/artifacts/sqmc-ksc-sv-20260928/attempt-02/T120_previous_inverse_cdf-attempt-01/tuning.json,True,-274.47020469417964,-273.0801018989566,1.3901027952230152
120,213006,214006,previous_inverse_cdf,fp64_gpu_xla_ksc_seven_mixture,/home/chakwong/BayesFilter-SQMC/docs/plans/artifacts/sqmc-ksc-sv-20260928/attempt-02/T120_previous_inverse_cdf-attempt-01/tuning.json,True,-282.8206013172126,-282.122686066188,0.6979152510245967
120,213007,214007,previous_inverse_cdf,fp64_gpu_xla_ksc_seven_mixture,/home/chakwong/BayesFilter-SQMC/docs/plans/artifacts/sqmc-ksc-sv-20260928/attempt-02/T120_previous_inverse_cdf-attempt-01/tuning.json,True,-281.8273720364764,-279.8239032676375,2.0034687688389
120,213008,214008,previous_inverse_cdf,fp64_gpu_xla_ksc_seven_mixture,/home/chakwong/BayesFilter-SQMC/docs/plans/artifacts/sqmc-ksc-sv-20260928/attempt-02/T120_previous_inverse_cdf-attempt-01/tuning.json,True,-284.97971136870035,-283.2852125352308,1.6944988334695381
120,213001,214001,repaired_permutation,fp64_gpu_xla_ksc_seven_mixture,/home/chakwong/BayesFilter-SQMC/docs/plans/artifacts/sqmc-ksc-sv-20260928/attempt-02/T120_repaired_permutation-attempt-01/tuning.json,True,-278.8757756488375,-278.78831799936876,0.08745764946871759
120,213002,214002,repaired_permutation,fp64_gpu_xla_ksc_seven_mixture,/home/chakwong/BayesFilter-SQMC/docs/plans/artifacts/sqmc-ksc-sv-20260928/attempt-02/T120_repaired_permutation-attempt-01/tuning.json,True,-273.1107200257885,-272.63962689167346,0.47109313411505127
120,213003,214003,repaired_permutation,fp64_gpu_xla_ksc_seven_mixture,/home/chakwong/BayesFilter-SQMC/docs/plans/artifacts/sqmc-ksc-sv-20260928/attempt-02/T120_repaired_permutation-attempt-01/tuning.json,True,-307.44360307318226,-306.1621015921096,1.2815014810726666
120,213004,214004,repaired_permutation,fp64_gpu_xla_ksc_seven_mixture,/home/chakwong/BayesFilter-SQMC/docs/plans/artifacts/sqmc-ksc-sv-20260928/attempt-02/T120_repaired_permutation-attempt-01/tuning.json,True,-275.41254333599653,-272.7478798298562,2.664663506140357
120,213005,214005,repaired_permutation,fp64_gpu_xla_ksc_seven_mixture,/home/chakwong/BayesFilter-SQMC/docs/plans/artifacts/sqmc-ksc-sv-20260928/attempt-02/T120_repaired_permutation-attempt-01/tuning.json,True,-274.46883431694766,-273.0801018989566,1.3887324179910365
120,213006,214006,repaired_permutation,fp64_gpu_xla_ksc_seven_mixture,/home/chakwong/BayesFilter-SQMC/docs/plans/artifacts/sqmc-ksc-sv-20260928/attempt-02/T120_repaired_permutation-attempt-01/tuning.json,True,-282.8275084308553,-282.122686066188,0.7048223646672795
120,213007,214007,repaired_permutation,fp64_gpu_xla_ksc_seven_mixture,/home/chakwong/BayesFilter-SQMC/docs/plans/artifacts/sqmc-ksc-sv-20260928/attempt-02/T120_repaired_permutation-attempt-01/tuning.json,True,-281.82465355149947,-279.8239032676375,2.0007502838619757
120,213008,214008,repaired_permutation,fp64_gpu_xla_ksc_seven_mixture,/home/chakwong/BayesFilter-SQMC/docs/plans/artifacts/sqmc-ksc-sv-20260928/attempt-02/T120_repaired_permutation-attempt-01/tuning.json,True,-284.9776902967783,-283.2852125352308,1.6924777615474795
120,213001,214001,repaired_permutation_ablation,fp64_gpu_xla_ksc_seven_mixture,/home/chakwong/BayesFilter-SQMC/docs/plans/artifacts/sqmc-ksc-sv-20260928/attempt-02/T120_repaired_permutation_ablation-attempt-01/tuning.json,True,-278.87670864723043,-278.78831799936876,0.08839064786167228
120,213002,214002,repaired_permutation_ablation,fp64_gpu_xla_ksc_seven_mixture,/home/chakwong/BayesFilter-SQMC/docs/plans/artifacts/sqmc-ksc-sv-20260928/attempt-02/T120_repaired_permutation_ablation-attempt-01/tuning.json,True,-273.11319654281357,-272.63962689167346,0.4735696511401102
120,213003,214003,repaired_permutation_ablation,fp64_gpu_xla_ksc_seven_mixture,/home/chakwong/BayesFilter-SQMC/docs/plans/artifacts/sqmc-ksc-sv-20260928/attempt-02/T120_repaired_permutation_ablation-attempt-01/tuning.json,True,-307.4396108369107,-306.1621015921096,1.277509244801081
120,213004,214004,repaired_permutation_ablation,fp64_gpu_xla_ksc_seven_mixture,/home/chakwong/BayesFilter-SQMC/docs/plans/artifacts/sqmc-ksc-sv-20260928/attempt-02/T120_repaired_permutation_ablation-attempt-01/tuning.json,True,-275.4254718037492,-272.7478798298562,2.6775919738930156
120,213005,214005,repaired_permutation_ablation,fp64_gpu_xla_ksc_seven_mixture,/home/chakwong/BayesFilter-SQMC/docs/plans/artifacts/sqmc-ksc-sv-20260928/attempt-02/T120_repaired_permutation_ablation-attempt-01/tuning.json,True,-274.47150568834763,-273.0801018989566,1.3914037893910063
120,213006,214006,repaired_permutation_ablation,fp64_gpu_xla_ksc_seven_mixture,/home/chakwong/BayesFilter-SQMC/docs/plans/artifacts/sqmc-ksc-sv-20260928/attempt-02/T120_repaired_permutation_ablation-attempt-01/tuning.json,True,-282.8361867684325,-282.122686066188,0.7135007022445166
120,213007,214007,repaired_permutation_ablation,fp64_gpu_xla_ksc_seven_mixture,/home/chakwong/BayesFilter-SQMC/docs/plans/artifacts/sqmc-ksc-sv-20260928/attempt-02/T120_repaired_permutation_ablation-attempt-01/tuning.json,True,-281.82560289459747,-279.8239032676375,2.001699626959976
120,213008,214008,repaired_permutation_ablation,fp64_gpu_xla_ksc_seven_mixture,/home/chakwong/BayesFilter-SQMC/docs/plans/artifacts/sqmc-ksc-sv-20260928/attempt-02/T120_repaired_permutation_ablation-attempt-01/tuning.json,True,-284.9839509539903,-283.2852125352308,1.6987384187594898
10,213001,,mixture_reference,independent_converged_mixture_grid,N/A deterministic reference/comparator,True,-23.15462853201925,-23.15462853201925,0.0
10,213001,,gaussian_kalman,moment_matched_gaussian_kalman,N/A deterministic reference/comparator,True,-24.2277129855207,-23.15462853201925,1.0730844535014512
10,213002,,mixture_reference,independent_converged_mixture_grid,N/A deterministic reference/comparator,True,-20.551949733832565,-20.551949733832565,0.0
10,213002,,gaussian_kalman,moment_matched_gaussian_kalman,N/A deterministic reference/comparator,True,-21.52048752988959,-20.551949733832565,0.9685377960570243
10,213003,,mixture_reference,independent_converged_mixture_grid,N/A deterministic reference/comparator,True,-24.686542406866696,-24.686542406866696,0.0
10,213003,,gaussian_kalman,moment_matched_gaussian_kalman,N/A deterministic reference/comparator,True,-24.0669598659629,-24.686542406866696,0.6195825409037958
10,213004,,mixture_reference,independent_converged_mixture_grid,N/A deterministic reference/comparator,True,-24.919905978347774,-24.919905978347774,0.0
10,213004,,gaussian_kalman,moment_matched_gaussian_kalman,N/A deterministic reference/comparator,True,-24.82600711544304,-24.919905978347774,0.0938988629047337
10,213005,,mixture_reference,independent_converged_mixture_grid,N/A deterministic reference/comparator,True,-29.01563340214232,-29.01563340214232,0.0
10,213005,,gaussian_kalman,moment_matched_gaussian_kalman,N/A deterministic reference/comparator,True,-29.123183674997264,-29.01563340214232,0.10755027285494378
10,213006,,mixture_reference,independent_converged_mixture_grid,N/A deterministic reference/comparator,True,-24.72779241848701,-24.72779241848701,0.0
10,213006,,gaussian_kalman,moment_matched_gaussian_kalman,N/A deterministic reference/comparator,True,-24.321317147285065,-24.72779241848701,0.4064752712019448
10,213007,,mixture_reference,independent_converged_mixture_grid,N/A deterministic reference/comparator,True,-21.389475996817826,-21.389475996817826,0.0
10,213007,,gaussian_kalman,moment_matched_gaussian_kalman,N/A deterministic reference/comparator,True,-21.86897114465946,-21.389475996817826,0.4794951478416358
10,213008,,mixture_reference,independent_converged_mixture_grid,N/A deterministic reference/comparator,True,-21.108209316641137,-21.108209316641137,0.0
10,213008,,gaussian_kalman,moment_matched_gaussian_kalman,N/A deterministic reference/comparator,True,-21.777216942840347,-21.108209316641137,0.6690076261992104
20,213001,,mixture_reference,independent_converged_mixture_grid,N/A deterministic reference/comparator,True,-47.546995394884775,-47.546995394884775,0.0
20,213001,,gaussian_kalman,moment_matched_gaussian_kalman,N/A deterministic reference/comparator,True,-50.657778624143305,-47.546995394884775,3.11078322925853
20,213002,,mixture_reference,independent_converged_mixture_grid,N/A deterministic reference/comparator,True,-45.27390865597691,-45.27390865597691,0.0
20,213002,,gaussian_kalman,moment_matched_gaussian_kalman,N/A deterministic reference/comparator,True,-45.54462269038145,-45.27390865597691,0.27071403440454134
20,213003,,mixture_reference,independent_converged_mixture_grid,N/A deterministic reference/comparator,True,-42.155402303361065,-42.155402303361065,0.0
20,213003,,gaussian_kalman,moment_matched_gaussian_kalman,N/A deterministic reference/comparator,True,-42.73290428502202,-42.155402303361065,0.5775019816609586
20,213004,,mixture_reference,independent_converged_mixture_grid,N/A deterministic reference/comparator,True,-42.79936004442537,-42.79936004442537,0.0
20,213004,,gaussian_kalman,moment_matched_gaussian_kalman,N/A deterministic reference/comparator,True,-43.8083970768908,-42.79936004442537,1.0090370324654288
20,213005,,mixture_reference,independent_converged_mixture_grid,N/A deterministic reference/comparator,True,-57.04108344700037,-57.04108344700037,0.0
20,213005,,gaussian_kalman,moment_matched_gaussian_kalman,N/A deterministic reference/comparator,True,-59.155198285470156,-57.04108344700037,2.1141148384697885
20,213006,,mixture_reference,independent_converged_mixture_grid,N/A deterministic reference/comparator,True,-43.18764059964246,-43.18764059964246,0.0
20,213006,,gaussian_kalman,moment_matched_gaussian_kalman,N/A deterministic reference/comparator,True,-44.390097713629224,-43.18764059964246,1.2024571139867675
20,213007,,mixture_reference,independent_converged_mixture_grid,N/A deterministic reference/comparator,True,-47.453371059589244,-47.453371059589244,0.0
20,213007,,gaussian_kalman,moment_matched_gaussian_kalman,N/A deterministic reference/comparator,True,-47.29590958032351,-47.453371059589244,0.15746147926573428
20,213008,,mixture_reference,independent_converged_mixture_grid,N/A deterministic reference/comparator,True,-47.15472488809141,-47.15472488809141,0.0
20,213008,,gaussian_kalman,moment_matched_gaussian_kalman,N/A deterministic reference/comparator,True,-47.62711900557505,-47.15472488809141,0.47239411748363835
50,213001,,mixture_reference,independent_converged_mixture_grid,N/A deterministic reference/comparator,True,-117.81082518087939,-117.81082518087939,0.0
50,213001,,gaussian_kalman,moment_matched_gaussian_kalman,N/A deterministic reference/comparator,True,-120.53151285063575,-117.81082518087939,2.7206876697563587
50,213002,,mixture_reference,independent_converged_mixture_grid,N/A deterministic reference/comparator,True,-111.16949391426077,-111.16949391426077,0.0
50,213002,,gaussian_kalman,moment_matched_gaussian_kalman,N/A deterministic reference/comparator,True,-116.76304638247669,-111.16949391426077,5.593552468215918
50,213003,,mixture_reference,independent_converged_mixture_grid,N/A deterministic reference/comparator,True,-125.12304511372409,-125.12304511372409,0.0
50,213003,,gaussian_kalman,moment_matched_gaussian_kalman,N/A deterministic reference/comparator,True,-126.42530035200731,-125.12304511372409,1.302255238283223
50,213004,,mixture_reference,independent_converged_mixture_grid,N/A deterministic reference/comparator,True,-119.72605530126842,-119.72605530126842,0.0
50,213004,,gaussian_kalman,moment_matched_gaussian_kalman,N/A deterministic reference/comparator,True,-120.71008921433186,-119.72605530126842,0.9840339130634419
50,213005,,mixture_reference,independent_converged_mixture_grid,N/A deterministic reference/comparator,True,-121.90786157311211,-121.90786157311211,0.0
50,213005,,gaussian_kalman,moment_matched_gaussian_kalman,N/A deterministic reference/comparator,True,-127.86841101451627,-121.90786157311211,5.960549441404154
50,213006,,mixture_reference,independent_converged_mixture_grid,N/A deterministic reference/comparator,True,-110.78465565194705,-110.78465565194705,0.0
50,213006,,gaussian_kalman,moment_matched_gaussian_kalman,N/A deterministic reference/comparator,True,-112.53414333813787,-110.78465565194705,1.7494876861908182
50,213007,,mixture_reference,independent_converged_mixture_grid,N/A deterministic reference/comparator,True,-110.86344111336204,-110.86344111336204,0.0
50,213007,,gaussian_kalman,moment_matched_gaussian_kalman,N/A deterministic reference/comparator,True,-113.7317166028636,-110.86344111336204,2.8682754895015563
50,213008,,mixture_reference,independent_converged_mixture_grid,N/A deterministic reference/comparator,True,-119.05139690846366,-119.05139690846366,0.0
50,213008,,gaussian_kalman,moment_matched_gaussian_kalman,N/A deterministic reference/comparator,True,-120.3431354746903,-119.05139690846366,1.2917385662266412
120,213001,,mixture_reference,independent_converged_mixture_grid,N/A deterministic reference/comparator,True,-278.78831799936876,-278.78831799936876,0.0
120,213001,,gaussian_kalman,moment_matched_gaussian_kalman,N/A deterministic reference/comparator,True,-283.46448758840035,-278.78831799936876,4.676169589031588
120,213002,,mixture_reference,independent_converged_mixture_grid,N/A deterministic reference/comparator,True,-272.63962689167346,-272.63962689167346,0.0
120,213002,,gaussian_kalman,moment_matched_gaussian_kalman,N/A deterministic reference/comparator,True,-287.9408772342131,-272.63962689167346,15.301250342539618
120,213003,,mixture_reference,independent_converged_mixture_grid,N/A deterministic reference/comparator,True,-306.1621015921096,-306.1621015921096,0.0
120,213003,,gaussian_kalman,moment_matched_gaussian_kalman,N/A deterministic reference/comparator,True,-317.5318894780645,-306.1621015921096,11.369787885954906
120,213004,,mixture_reference,independent_converged_mixture_grid,N/A deterministic reference/comparator,True,-272.7478798298562,-272.7478798298562,0.0
120,213004,,gaussian_kalman,moment_matched_gaussian_kalman,N/A deterministic reference/comparator,True,-278.34552418551476,-272.7478798298562,5.597644355658588
120,213005,,mixture_reference,independent_converged_mixture_grid,N/A deterministic reference/comparator,True,-273.0801018989566,-273.0801018989566,0.0
120,213005,,gaussian_kalman,moment_matched_gaussian_kalman,N/A deterministic reference/comparator,True,-285.8607467693142,-273.0801018989566,12.780644870357548
120,213006,,mixture_reference,independent_converged_mixture_grid,N/A deterministic reference/comparator,True,-282.122686066188,-282.122686066188,0.0
120,213006,,gaussian_kalman,moment_matched_gaussian_kalman,N/A deterministic reference/comparator,True,-287.9971562894445,-282.122686066188,5.8744702232564805
120,213007,,mixture_reference,independent_converged_mixture_grid,N/A deterministic reference/comparator,True,-279.8239032676375,-279.8239032676375,0.0
120,213007,,gaussian_kalman,moment_matched_gaussian_kalman,N/A deterministic reference/comparator,True,-295.2600041831748,-279.8239032676375,15.436100915537281
120,213008,,mixture_reference,independent_converged_mixture_grid,N/A deterministic reference/comparator,True,-283.2852125352308,-283.2852125352308,0.0
120,213008,,gaussian_kalman,moment_matched_gaussian_kalman,N/A deterministic reference/comparator,True,-287.5669321155696,-283.2852125352308,4.281719580338802
