scope,route,stage,seed,flow_substeps,reset_epsilon,valid,failure_class,oracle_value,raw_returned_value,absolute_error_if_valid
full_d3_T10,iid_dual_cap,calibration,195001,2,0.4,False,candidate_numerical_invalidity,-30.436395136393056,-Inf,
full_d3_T10,iid_dual_cap,calibration,195002,2,0.4,False,candidate_numerical_invalidity,-29.911960491262725,-Inf,
full_d3_T10,iid_dual_cap,calibration,195001,8,0.4,True,,-30.436395136393056,-30.575940994312532,0.13954585791947594
full_d3_T10,iid_dual_cap,calibration,195002,8,0.4,False,candidate_numerical_invalidity,-29.911960491262725,-Inf,
full_d3_T10,previous_inverse_cdf,calibration,195001,2,0.4,True,,-30.436395136393056,-30.393835066753013,0.042560069640043
full_d3_T10,previous_inverse_cdf,calibration,195002,2,0.4,False,candidate_numerical_invalidity,-29.911960491262725,-Inf,
full_d3_T10,previous_inverse_cdf,calibration,195001,8,0.4,True,,-30.436395136393056,-30.454239459549452,0.017844323156396058
full_d3_T10,previous_inverse_cdf,calibration,195002,8,0.4,False,candidate_numerical_invalidity,-29.911960491262725,-Inf,
full_d3_T10,repaired_permutation,calibration,195001,2,0.4,True,,-30.436395136393056,-30.35635730995946,0.08003782643359614
full_d3_T10,repaired_permutation,calibration,195002,2,0.4,False,candidate_numerical_invalidity,-29.911960491262725,-Inf,
full_d3_T10,repaired_permutation,calibration,195001,8,0.4,True,,-30.436395136393056,-30.361825076047673,0.07457006034538338
full_d3_T10,repaired_permutation,calibration,195002,8,0.4,False,candidate_numerical_invalidity,-29.911960491262725,-Inf,
full_d3_T10,repaired_permutation_ablation,calibration,195001,2,0.4,True,,-30.436395136393056,-30.35141662388115,0.08497851251190625
full_d3_T10,repaired_permutation_ablation,calibration,195002,2,0.4,False,candidate_numerical_invalidity,-29.911960491262725,-Inf,
full_d3_T10,repaired_permutation_ablation,calibration,195001,8,0.4,True,,-30.436395136393056,-30.35614892245075,0.08024621394230635
full_d3_T10,repaired_permutation_ablation,calibration,195002,8,0.4,False,candidate_numerical_invalidity,-29.911960491262725,-Inf,
full_d3_T120,iid_dual_cap,calibration,195001,2,0.4,False,candidate_numerical_invalidity,-351.47130504250964,-Inf,
full_d3_T120,iid_dual_cap,calibration,195002,2,0.4,False,candidate_numerical_invalidity,-332.475797226963,-Inf,
full_d3_T120,iid_dual_cap,calibration,195001,8,0.4,True,,-351.47130504250964,-351.7440514554428,0.27274641293314517
full_d3_T120,iid_dual_cap,calibration,195002,8,0.4,False,candidate_numerical_invalidity,-332.475797226963,-Inf,
full_d3_T2,iid_dual_cap,calibration,195001,2,0.4,False,candidate_numerical_invalidity,-9.23330015235817,-Inf,
full_d3_T2,iid_dual_cap,calibration,195002,2,0.4,False,candidate_numerical_invalidity,-7.357429541712662,-Inf,
full_d3_T2,iid_dual_cap,calibration,195001,8,0.4,True,,-9.23330015235817,-9.333663371329195,0.10036321897102418
full_d3_T2,iid_dual_cap,calibration,195002,8,0.4,False,candidate_numerical_invalidity,-7.357429541712662,-Inf,
full_d3_T2,previous_inverse_cdf,calibration,195001,2,0.4,True,,-9.23330015235817,-9.222716984896,0.010583167462170806
full_d3_T2,previous_inverse_cdf,calibration,195002,2,0.4,False,candidate_numerical_invalidity,-7.357429541712662,-Inf,
full_d3_T2,previous_inverse_cdf,calibration,195001,8,0.4,True,,-9.23330015235817,-9.27554417109403,0.04224401873585926
full_d3_T2,previous_inverse_cdf,calibration,195002,8,0.4,False,candidate_numerical_invalidity,-7.357429541712662,-Inf,
full_d3_T2,repaired_permutation,calibration,195001,2,0.4,True,,-9.23330015235817,-9.172183487684375,0.061116664673795285
full_d3_T2,repaired_permutation,calibration,195002,2,0.4,False,candidate_numerical_invalidity,-7.357429541712662,-Inf,
full_d3_T2,repaired_permutation,calibration,195001,8,0.4,True,,-9.23330015235817,-9.175376169879941,0.05792398247822916
full_d3_T2,repaired_permutation,calibration,195002,8,0.4,False,candidate_numerical_invalidity,-7.357429541712662,-Inf,
full_d3_T2,repaired_permutation_ablation,calibration,195001,2,0.4,True,,-9.23330015235817,-9.169782004851967,0.063518147506203
full_d3_T2,repaired_permutation_ablation,calibration,195002,2,0.4,False,candidate_numerical_invalidity,-7.357429541712662,-Inf,
full_d3_T2,repaired_permutation_ablation,calibration,195001,8,0.4,True,,-9.23330015235817,-9.175424339605199,0.05787581275297171
full_d3_T2,repaired_permutation_ablation,calibration,195002,8,0.4,False,candidate_numerical_invalidity,-7.357429541712662,-Inf,
