model,horizon,method,quantity,mean,se,n,uncertainty
predator_prey,10,bootstrap_N1008,log_likelihood,-47.44363132994564,0.10200715100988304,4,replication jackknife; excludes particle bias
predator_prey,10,bootstrap_N1008,r,16.21467832041454,1.0637112844129335,4,replication jackknife; excludes particle bias
predator_prey,10,bootstrap_N1008,K,1.2123968978635566,0.02348725452915022,4,replication jackknife; excludes particle bias
predator_prey,10,bootstrap_N1008,a,0.028750886897188802,0.0011528460645695727,4,replication jackknife; excludes particle bias
predator_prey,10,bootstrap_N1008,s,-2.677448807208446,0.12987320224597107,4,replication jackknife; excludes particle bias
predator_prey,10,bootstrap_N1008,u,-6.001999754167226,0.1807804630051659,4,replication jackknife; excludes particle bias
predator_prey,10,bootstrap_N1008,v,7.286537804185674,0.24880810926420532,4,replication jackknife; excludes particle bias
predator_prey,10,bootstrap_N32768,log_likelihood,-47.40072947353831,0.011294283066272955,4,replication jackknife; excludes particle bias
predator_prey,10,bootstrap_N32768,r,11.574677370131049,0.20416352537218158,4,replication jackknife; excludes particle bias
predator_prey,10,bootstrap_N32768,K,1.1436319317763957,0.004469853276636752,4,replication jackknife; excludes particle bias
predator_prey,10,bootstrap_N32768,a,0.02542072364042946,0.00021305492211646647,4,replication jackknife; excludes particle bias
predator_prey,10,bootstrap_N32768,s,-2.146370310861648,0.018503571125190618,4,replication jackknife; excludes particle bias
predator_prey,10,bootstrap_N32768,u,-5.7777074430519795,0.04151773616295528,4,replication jackknife; excludes particle bias
predator_prey,10,bootstrap_N32768,v,6.950518149046913,0.05030987580319189,4,replication jackknife; excludes particle bias
predator_prey,10,bootstrap_N131072,log_likelihood,-47.40123538578403,0.00699481105742443,4,replication jackknife; excludes particle bias
predator_prey,10,bootstrap_N131072,r,11.937205175907371,0.17246517238683057,4,replication jackknife; excludes particle bias
predator_prey,10,bootstrap_N131072,K,1.1562879191823172,0.005183489540885514,4,replication jackknife; excludes particle bias
predator_prey,10,bootstrap_N131072,a,0.02577080741761537,5.810997387650121e-05,4,replication jackknife; excludes particle bias
predator_prey,10,bootstrap_N131072,s,-2.2428437373031995,0.01828950460760924,4,replication jackknife; excludes particle bias
predator_prey,10,bootstrap_N131072,u,-5.802406207448815,0.007627942748550945,4,replication jackknife; excludes particle bias
predator_prey,10,bootstrap_N131072,v,6.979501927151437,0.00839949349818282,4,replication jackknife; excludes particle bias
predator_prey,20,bootstrap_N1008,log_likelihood,-93.92063128587361,0.09972074771018778,4,replication jackknife; excludes particle bias
predator_prey,20,bootstrap_N1008,r,17.496392345297064,1.2167507379503175,4,replication jackknife; excludes particle bias
predator_prey,20,bootstrap_N1008,K,1.5378309452761914,0.06968618274494369,4,replication jackknife; excludes particle bias
predator_prey,20,bootstrap_N1008,a,0.039547922266557074,0.0014903333834642945,4,replication jackknife; excludes particle bias
predator_prey,20,bootstrap_N1008,s,-2.451523925776816,0.3135641741033817,4,replication jackknife; excludes particle bias
predator_prey,20,bootstrap_N1008,u,-9.25851398086643,0.21624203520128366,4,replication jackknife; excludes particle bias
predator_prey,20,bootstrap_N1008,v,11.221217223123821,0.2902060165109867,4,replication jackknife; excludes particle bias
predator_prey,20,bootstrap_N32768,log_likelihood,-93.92023054062552,0.015125547638161041,4,replication jackknife; excludes particle bias
predator_prey,20,bootstrap_N32768,r,12.038420683403121,0.30419033342128926,4,replication jackknife; excludes particle bias
predator_prey,20,bootstrap_N32768,K,1.4199818201398464,0.0073366847596128965,4,replication jackknife; excludes particle bias
predator_prey,20,bootstrap_N32768,a,0.037437388393371754,0.0003140343839011786,4,replication jackknife; excludes particle bias
predator_prey,20,bootstrap_N32768,s,-1.937776008533385,0.0842449386362246,4,replication jackknife; excludes particle bias
predator_prey,20,bootstrap_N32768,u,-9.248167956648196,0.04111347880418275,4,replication jackknife; excludes particle bias
predator_prey,20,bootstrap_N32768,v,11.179201669580706,0.04767221181800151,4,replication jackknife; excludes particle bias
predator_prey,20,bootstrap_N131072,log_likelihood,-93.9050765553289,0.008385715239467219,4,replication jackknife; excludes particle bias
predator_prey,20,bootstrap_N131072,r,12.053589503371144,0.07133881838562953,4,replication jackknife; excludes particle bias
predator_prey,20,bootstrap_N131072,K,1.4123930840756214,0.005860996752927129,4,replication jackknife; excludes particle bias
predator_prey,20,bootstrap_N131072,a,0.03789426678115715,9.064998552572237e-05,4,replication jackknife; excludes particle bias
predator_prey,20,bootstrap_N131072,s,-2.036129938876991,0.015633165799241004,4,replication jackknife; excludes particle bias
predator_prey,20,bootstrap_N131072,u,-9.30484426733819,0.016951033520100148,4,replication jackknife; excludes particle bias
predator_prey,20,bootstrap_N131072,v,11.250296863119479,0.02024531233583482,4,replication jackknife; excludes particle bias
predator_prey,40,bootstrap_N1008,log_likelihood,-193.57388388334576,0.1610934475159212,4,replication jackknife; excludes particle bias
predator_prey,40,bootstrap_N1008,r,16.156729494391968,7.413528716968515,4,replication jackknife; excludes particle bias
predator_prey,40,bootstrap_N1008,K,4.248897808432691,0.07167618443312317,4,replication jackknife; excludes particle bias
predator_prey,40,bootstrap_N1008,a,0.061892870819154906,0.0020261996804795735,4,replication jackknife; excludes particle bias
predator_prey,40,bootstrap_N1008,s,-11.528117903937977,0.5870515207997564,4,replication jackknife; excludes particle bias
predator_prey,40,bootstrap_N1008,u,-10.196310098901414,0.8410959299964651,4,replication jackknife; excludes particle bias
predator_prey,40,bootstrap_N1008,v,12.329264864534393,0.9815935742358075,4,replication jackknife; excludes particle bias
predator_prey,40,bootstrap_N32768,log_likelihood,-193.31024809633067,0.019540824351611568,4,replication jackknife; excludes particle bias
predator_prey,40,bootstrap_N32768,r,14.199385774684794,0.5561105341311178,4,replication jackknife; excludes particle bias
predator_prey,40,bootstrap_N32768,K,4.053628318030016,0.045320929594468116,4,replication jackknife; excludes particle bias
predator_prey,40,bootstrap_N32768,a,0.06529031452334834,0.0006000885537539368,4,replication jackknife; excludes particle bias
predator_prey,40,bootstrap_N32768,s,-11.414607370950906,0.19596513300435398,4,replication jackknife; excludes particle bias
predator_prey,40,bootstrap_N32768,u,-11.163275303279724,0.056558812812724624,4,replication jackknife; excludes particle bias
predator_prey,40,bootstrap_N32768,v,13.54060280260496,0.06918733471849789,4,replication jackknife; excludes particle bias
predator_prey,40,bootstrap_N131072,log_likelihood,-193.30022063724928,0.027668376209296353,4,replication jackknife; excludes particle bias
predator_prey,40,bootstrap_N131072,r,14.354466001308337,0.15683381974453242,4,replication jackknife; excludes particle bias
predator_prey,40,bootstrap_N131072,K,4.090228851045375,0.010855501543638811,4,replication jackknife; excludes particle bias
predator_prey,40,bootstrap_N131072,a,0.06594527857090773,6.764585650923897e-05,4,replication jackknife; excludes particle bias
predator_prey,40,bootstrap_N131072,s,-11.521995151167122,0.047909033395634126,4,replication jackknife; excludes particle bias
predator_prey,40,bootstrap_N131072,u,-11.279223442202266,0.0295169294841835,4,replication jackknife; excludes particle bias
predator_prey,40,bootstrap_N131072,v,13.681098543577022,0.03584236903487761,4,replication jackknife; excludes particle bias
predator_prey,50,bootstrap_N1008,log_likelihood,-240.51816257039445,0.1451209540270896,4,replication jackknife; excludes particle bias
predator_prey,50,bootstrap_N1008,r,19.453063322413694,6.328462652399759,4,replication jackknife; excludes particle bias
predator_prey,50,bootstrap_N1008,K,3.5562199386469238,0.11314033438452445,4,replication jackknife; excludes particle bias
predator_prey,50,bootstrap_N1008,a,0.06852586470000284,0.001235927471264029,4,replication jackknife; excludes particle bias
predator_prey,50,bootstrap_N1008,s,-10.789366587418332,0.4606486198508558,4,replication jackknife; excludes particle bias
predator_prey,50,bootstrap_N1008,u,-12.09690883178756,0.6855434807686642,4,replication jackknife; excludes particle bias
predator_prey,50,bootstrap_N1008,v,14.722938489339372,0.7609640511836915,4,replication jackknife; excludes particle bias
predator_prey,50,bootstrap_N32768,log_likelihood,-240.25045153786806,0.02780902377046048,4,replication jackknife; excludes particle bias
predator_prey,50,bootstrap_N32768,r,13.999580406729539,0.6147824229141657,4,replication jackknife; excludes particle bias
predator_prey,50,bootstrap_N32768,K,3.4566500109783687,0.02735906856206322,4,replication jackknife; excludes particle bias
predator_prey,50,bootstrap_N32768,a,0.06880105650691472,0.0006604253545536906,4,replication jackknife; excludes particle bias
predator_prey,50,bootstrap_N32768,s,-10.14709870478487,0.24304609528805882,4,replication jackknife; excludes particle bias
predator_prey,50,bootstrap_N32768,u,-12.86149369067406,0.06653843416075718,4,replication jackknife; excludes particle bias
predator_prey,50,bootstrap_N32768,v,15.624733370138049,0.08419273664597729,4,replication jackknife; excludes particle bias
predator_prey,50,bootstrap_N131072,log_likelihood,-240.24014091112332,0.03503612012889123,4,replication jackknife; excludes particle bias
predator_prey,50,bootstrap_N131072,r,14.500892399113026,0.2690773570149317,4,replication jackknife; excludes particle bias
predator_prey,50,bootstrap_N131072,K,3.4808035583916284,0.016482444502262012,4,replication jackknife; excludes particle bias
predator_prey,50,bootstrap_N131072,a,0.06980558389531294,4.722882994790857e-05,4,replication jackknife; excludes particle bias
predator_prey,50,bootstrap_N131072,s,-10.277716750734788,0.028019364462763797,4,replication jackknife; excludes particle bias
predator_prey,50,bootstrap_N131072,u,-13.037978750303601,0.010201715600576372,4,replication jackknife; excludes particle bias
predator_prey,50,bootstrap_N131072,v,15.840188415268747,0.010975960740629122,4,replication jackknife; excludes particle bias
sir_d18,10,bootstrap_N1008,log_likelihood,-346.0070756661675,0.34796040920527,4,replication jackknife; excludes particle bias
sir_d18,10,bootstrap_N1008,log_kappa_scale,158.57662470487836,33.23766726995917,4,replication jackknife; excludes particle bias
sir_d18,10,bootstrap_N1008,log_nu_scale,-52.47226412665912,2.351543550368092,4,replication jackknife; excludes particle bias
sir_d18,10,bootstrap_N1008,log_observation_noise_scale,10.946533958682124,0.7611504797889606,4,replication jackknife; excludes particle bias
sir_d18,10,bootstrap_N32768,log_likelihood,-345.6271727542588,0.14101072499961786,4,replication jackknife; excludes particle bias
sir_d18,10,bootstrap_N32768,log_kappa_scale,41.145727007264966,23.83094389390013,4,replication jackknife; excludes particle bias
sir_d18,10,bootstrap_N32768,log_nu_scale,-16.65491864364725,8.355779556003426,4,replication jackknife; excludes particle bias
sir_d18,10,bootstrap_N32768,log_observation_noise_scale,8.999547116636242,0.5788886263012293,4,replication jackknife; excludes particle bias
sir_d18,10,bootstrap_N131072,log_likelihood,-345.69116319147054,0.062313355851899795,4,replication jackknife; excludes particle bias
sir_d18,10,bootstrap_N131072,log_kappa_scale,100.70250665537635,10.48542706487253,4,replication jackknife; excludes particle bias
sir_d18,10,bootstrap_N131072,log_nu_scale,-34.975705069330886,1.3110536237793693,4,replication jackknife; excludes particle bias
sir_d18,10,bootstrap_N131072,log_observation_noise_scale,9.262138183927886,0.19285169046775263,4,replication jackknife; excludes particle bias
sir_d18,20,bootstrap_N1008,log_likelihood,-687.9262696535878,0.24729981622868233,4,replication jackknife; excludes particle bias
sir_d18,20,bootstrap_N1008,log_kappa_scale,156.1954729777512,60.59723675124458,4,replication jackknife; excludes particle bias
sir_d18,20,bootstrap_N1008,log_nu_scale,-55.56044622621914,37.997770564750724,4,replication jackknife; excludes particle bias
sir_d18,20,bootstrap_N1008,log_observation_noise_scale,22.684849376240727,1.3487192364336298,4,replication jackknife; excludes particle bias
sir_d18,20,bootstrap_N32768,log_likelihood,-687.5421166930231,0.11420457676109569,4,replication jackknife; excludes particle bias
sir_d18,20,bootstrap_N32768,log_kappa_scale,29.285113939865465,15.8614189509594,4,replication jackknife; excludes particle bias
sir_d18,20,bootstrap_N32768,log_nu_scale,-21.869874291667387,8.650498151867225,4,replication jackknife; excludes particle bias
sir_d18,20,bootstrap_N32768,log_observation_noise_scale,21.18343581207621,0.5367536360428468,4,replication jackknife; excludes particle bias
sir_d18,20,bootstrap_N131072,log_likelihood,-687.6769326955402,0.05350175088930917,4,replication jackknife; excludes particle bias
sir_d18,20,bootstrap_N131072,log_kappa_scale,90.377244528482,10.326140702297092,4,replication jackknife; excludes particle bias
sir_d18,20,bootstrap_N131072,log_nu_scale,-41.02481710956482,2.5160995662655976,4,replication jackknife; excludes particle bias
sir_d18,20,bootstrap_N131072,log_observation_noise_scale,21.741712091922974,0.2552164585705389,4,replication jackknife; excludes particle bias
sir_d18,40,bootstrap_N1008,log_likelihood,-1347.5002838808289,0.22735490881242773,4,replication jackknife; excludes particle bias
sir_d18,40,bootstrap_N1008,log_kappa_scale,83.29891943721232,102.76707398233012,4,replication jackknife; excludes particle bias
sir_d18,40,bootstrap_N1008,log_nu_scale,24.652516747546777,74.807737925121,4,replication jackknife; excludes particle bias
sir_d18,40,bootstrap_N1008,log_observation_noise_scale,-1.8002926171453468,1.3501276234599437,4,replication jackknife; excludes particle bias
sir_d18,40,bootstrap_N32768,log_likelihood,-1347.1227299416448,0.11655191352954068,4,replication jackknife; excludes particle bias
sir_d18,40,bootstrap_N32768,log_kappa_scale,53.914579636145625,22.296846239016467,4,replication jackknife; excludes particle bias
sir_d18,40,bootstrap_N32768,log_nu_scale,-34.75627301675427,9.594165799848012,4,replication jackknife; excludes particle bias
sir_d18,40,bootstrap_N32768,log_observation_noise_scale,-3.1117823045973454,0.5810681680835436,4,replication jackknife; excludes particle bias
sir_d18,40,bootstrap_N131072,log_likelihood,-1347.2655921313813,0.05008285111975467,4,replication jackknife; excludes particle bias
sir_d18,40,bootstrap_N131072,log_kappa_scale,87.95136836363876,12.502031835278041,4,replication jackknife; excludes particle bias
sir_d18,40,bootstrap_N131072,log_nu_scale,-38.96677314390452,2.334163174546018,4,replication jackknife; excludes particle bias
sir_d18,40,bootstrap_N131072,log_observation_noise_scale,-2.5966581403536093,0.20810298361997676,4,replication jackknife; excludes particle bias
sir_d18,50,bootstrap_N1008,log_likelihood,-1669.309420981376,0.2538736182602978,4,replication jackknife; excludes particle bias
sir_d18,50,bootstrap_N1008,log_kappa_scale,37.220031545992235,106.1623202670182,4,replication jackknife; excludes particle bias
sir_d18,50,bootstrap_N1008,log_nu_scale,57.06892328350922,81.03369444917288,4,replication jackknife; excludes particle bias
sir_d18,50,bootstrap_N1008,log_observation_noise_scale,-30.196823263326024,1.2921951112894685,4,replication jackknife; excludes particle bias
sir_d18,50,bootstrap_N32768,log_likelihood,-1668.9624681768496,0.11999988061416716,4,replication jackknife; excludes particle bias
sir_d18,50,bootstrap_N32768,log_kappa_scale,50.185219849544744,22.04580514334539,4,replication jackknife; excludes particle bias
sir_d18,50,bootstrap_N32768,log_nu_scale,-31.62950548323818,11.824847983339936,4,replication jackknife; excludes particle bias
sir_d18,50,bootstrap_N32768,log_observation_noise_scale,-30.881082911572804,0.5781373086097907,4,replication jackknife; excludes particle bias
sir_d18,50,bootstrap_N131072,log_likelihood,-1669.110557539612,0.051066118682323705,4,replication jackknife; excludes particle bias
sir_d18,50,bootstrap_N131072,log_kappa_scale,87.55102520535961,13.655640988923196,4,replication jackknife; excludes particle bias
sir_d18,50,bootstrap_N131072,log_nu_scale,-37.11341875303883,3.058740829031198,4,replication jackknife; excludes particle bias
sir_d18,50,bootstrap_N131072,log_observation_noise_scale,-30.267602366009527,0.20454353332941028,4,replication jackknife; excludes particle bias
predator_prey,10,ancestor,log_likelihood,-47.37076520958407,0.03656717112770196,4,"between-design SE, four paired seeds at one dataset"
predator_prey,10,ancestor,r,11.515532806741021,0.08286974444453792,4,"between-design SE, four paired seeds at one dataset"
predator_prey,10,ancestor,K,1.1435817883970905,0.004063352112668525,4,"between-design SE, four paired seeds at one dataset"
predator_prey,10,ancestor,a,0.02525126237438354,0.000982390907331235,4,"between-design SE, four paired seeds at one dataset"
predator_prey,10,ancestor,s,-2.16257023641518,0.022868096575537483,4,"between-design SE, four paired seeds at one dataset"
predator_prey,10,ancestor,u,-5.710742411008701,0.24916488796044925,4,"between-design SE, four paired seeds at one dataset"
predator_prey,10,ancestor,v,6.87128277796202,0.3075029324959983,4,"between-design SE, four paired seeds at one dataset"
predator_prey,10,marginal_mixture,log_likelihood,-47.375320144141,0.03434719854663381,4,"between-design SE, four paired seeds at one dataset"
predator_prey,10,marginal_mixture,r,11.441445061542531,0.027464357712872325,4,"between-design SE, four paired seeds at one dataset"
predator_prey,10,marginal_mixture,K,1.1434417535531398,0.0035897850933680744,4,"between-design SE, four paired seeds at one dataset"
predator_prey,10,marginal_mixture,a,0.025223895562228437,0.0008321460232597855,4,"between-design SE, four paired seeds at one dataset"
predator_prey,10,marginal_mixture,s,-2.1380303503512965,0.023396064748827668,4,"between-design SE, four paired seeds at one dataset"
predator_prey,10,marginal_mixture,u,-5.7334080385804835,0.20938717294549902,4,"between-design SE, four paired seeds at one dataset"
predator_prey,10,marginal_mixture,v,6.895352552910558,0.2580713943717136,4,"between-design SE, four paired seeds at one dataset"
predator_prey,10,covariance_only,log_likelihood,-47.376388156338464,0.021192864883753916,4,"between-design SE, four paired seeds at one dataset"
predator_prey,10,covariance_only,r,11.48958048205436,0.10466246925315911,4,"between-design SE, four paired seeds at one dataset"
predator_prey,10,covariance_only,K,1.1434228793313583,0.002916139451387794,4,"between-design SE, four paired seeds at one dataset"
predator_prey,10,covariance_only,a,0.025539803232813286,0.0006885420659439382,4,"between-design SE, four paired seeds at one dataset"
predator_prey,10,covariance_only,s,-2.2115853308845526,0.021338392155421333,4,"between-design SE, four paired seeds at one dataset"
predator_prey,10,covariance_only,u,-5.775825942618345,0.19186007029048333,4,"between-design SE, four paired seeds at one dataset"
predator_prey,10,covariance_only,v,6.947354869562146,0.23483451732350602,4,"between-design SE, four paired seeds at one dataset"
predator_prey,20,ancestor,log_likelihood,-93.90598946494184,0.03974133404068062,4,"between-design SE, four paired seeds at one dataset"
predator_prey,20,ancestor,r,11.72596085530629,0.09159698300626226,4,"between-design SE, four paired seeds at one dataset"
predator_prey,20,ancestor,K,1.3957971373275322,0.006167582793912346,4,"between-design SE, four paired seeds at one dataset"
predator_prey,20,ancestor,a,0.037714760119840124,0.000968112095667845,4,"between-design SE, four paired seeds at one dataset"
predator_prey,20,ancestor,s,-2.0591507169069088,0.024348637461888308,4,"between-design SE, four paired seeds at one dataset"
predator_prey,20,ancestor,u,-9.255427624991164,0.25889912535778914,4,"between-design SE, four paired seeds at one dataset"
predator_prey,20,ancestor,v,11.189370089019729,0.319441887669446,4,"between-design SE, four paired seeds at one dataset"
predator_prey,20,marginal_mixture,log_likelihood,-93.89600787262847,0.041808393399327494,4,"between-design SE, four paired seeds at one dataset"
predator_prey,20,marginal_mixture,r,11.645634190490544,0.03381396307790905,4,"between-design SE, four paired seeds at one dataset"
predator_prey,20,marginal_mixture,K,1.3943994239505813,0.005773893941611795,4,"between-design SE, four paired seeds at one dataset"
predator_prey,20,marginal_mixture,a,0.037370636545562906,0.0009364417104706881,4,"between-design SE, four paired seeds at one dataset"
predator_prey,20,marginal_mixture,s,-1.989768274400014,0.02954377535571855,4,"between-design SE, four paired seeds at one dataset"
predator_prey,20,marginal_mixture,u,-9.216172928525715,0.23795561488692138,4,"between-design SE, four paired seeds at one dataset"
predator_prey,20,marginal_mixture,v,11.138148466730344,0.29293673535564346,4,"between-design SE, four paired seeds at one dataset"
predator_prey,20,covariance_only,log_likelihood,-93.9382147810594,0.029422169826773287,4,"between-design SE, four paired seeds at one dataset"
predator_prey,20,covariance_only,r,11.741860045848785,0.12694152579844722,4,"between-design SE, four paired seeds at one dataset"
predator_prey,20,covariance_only,K,1.39641343590608,0.002071130299375623,4,"between-design SE, four paired seeds at one dataset"
predator_prey,20,covariance_only,a,0.0387264887019525,0.0006308265714102803,4,"between-design SE, four paired seeds at one dataset"
predator_prey,20,covariance_only,s,-2.1442998003620315,0.03968311407525613,4,"between-design SE, four paired seeds at one dataset"
predator_prey,20,covariance_only,u,-9.502750050565242,0.1865000662698573,4,"between-design SE, four paired seeds at one dataset"
predator_prey,20,covariance_only,v,11.487130518435013,0.22796185569552715,4,"between-design SE, four paired seeds at one dataset"
predator_prey,40,ancestor,log_likelihood,-193.3169534000533,0.054271671936817596,4,"between-design SE, four paired seeds at one dataset"
predator_prey,40,ancestor,r,13.913030256007527,0.08650313385306697,4,"between-design SE, four paired seeds at one dataset"
predator_prey,40,ancestor,K,4.068728212881793,0.011239588585299588,4,"between-design SE, four paired seeds at one dataset"
predator_prey,40,ancestor,a,0.06513226902463064,0.001332618047089877,4,"between-design SE, four paired seeds at one dataset"
predator_prey,40,ancestor,s,-11.589691900589461,0.11388382657968527,4,"between-design SE, four paired seeds at one dataset"
predator_prey,40,ancestor,u,-11.05559935882387,0.32039860791345437,4,"between-design SE, four paired seeds at one dataset"
predator_prey,40,ancestor,v,13.40058152080816,0.3942245310700459,4,"between-design SE, four paired seeds at one dataset"
predator_prey,40,marginal_mixture,log_likelihood,-193.31561793127744,0.04923763885852413,4,"between-design SE, four paired seeds at one dataset"
predator_prey,40,marginal_mixture,r,13.812974240078026,0.012679349660362911,4,"between-design SE, four paired seeds at one dataset"
predator_prey,40,marginal_mixture,K,4.070818166409156,0.00902269841445818,4,"between-design SE, four paired seeds at one dataset"
predator_prey,40,marginal_mixture,a,0.0646039947653302,0.0012843251480937354,4,"between-design SE, four paired seeds at one dataset"
predator_prey,40,marginal_mixture,s,-11.485065526566599,0.13466989522993358,4,"between-design SE, four paired seeds at one dataset"
predator_prey,40,marginal_mixture,u,-10.985606570742373,0.2880688523763084,4,"between-design SE, four paired seeds at one dataset"
predator_prey,40,marginal_mixture,v,13.312013270363607,0.35403791519991623,4,"between-design SE, four paired seeds at one dataset"
predator_prey,40,covariance_only,log_likelihood,-193.36689074713073,0.04480604114336419,4,"between-design SE, four paired seeds at one dataset"
predator_prey,40,covariance_only,r,13.914553973115739,0.13559610278127845,4,"between-design SE, four paired seeds at one dataset"
predator_prey,40,covariance_only,K,4.083179290663375,0.009055511827653316,4,"between-design SE, four paired seeds at one dataset"
predator_prey,40,covariance_only,a,0.06704904997421783,0.000595781641406932,4,"between-design SE, four paired seeds at one dataset"
predator_prey,40,covariance_only,s,-11.62753261247772,0.12377687651910381,4,"between-design SE, four paired seeds at one dataset"
predator_prey,40,covariance_only,u,-11.588090384447096,0.17302057262355122,4,"between-design SE, four paired seeds at one dataset"
predator_prey,40,covariance_only,v,14.044702685527845,0.21115099277102375,4,"between-design SE, four paired seeds at one dataset"
predator_prey,50,ancestor,log_likelihood,-240.27720558507065,0.08584261889684705,4,"between-design SE, four paired seeds at one dataset"
predator_prey,50,ancestor,r,13.932361585538908,0.0742946537728778,4,"between-design SE, four paired seeds at one dataset"
predator_prey,50,ancestor,K,3.4708848393850626,0.010957134689685368,4,"between-design SE, four paired seeds at one dataset"
predator_prey,50,ancestor,a,0.06923604174602994,0.0017380385007982582,4,"between-design SE, four paired seeds at one dataset"
predator_prey,50,ancestor,s,-10.310515025607184,0.11431728326716169,4,"between-design SE, four paired seeds at one dataset"
predator_prey,50,ancestor,u,-12.91045570846089,0.4281899253648549,4,"between-design SE, four paired seeds at one dataset"
predator_prey,50,ancestor,v,15.675575276373223,0.5261931703341327,4,"between-design SE, four paired seeds at one dataset"
predator_prey,50,marginal_mixture,log_likelihood,-240.2758543608092,0.07070852475648841,4,"between-design SE, four paired seeds at one dataset"
predator_prey,50,marginal_mixture,r,13.830014193653426,0.0112457791770822,4,"between-design SE, four paired seeds at one dataset"
predator_prey,50,marginal_mixture,K,3.4726058484263316,0.00904128405901339,4,"between-design SE, four paired seeds at one dataset"
predator_prey,50,marginal_mixture,a,0.06879596679687718,0.0015894536296207319,4,"between-design SE, four paired seeds at one dataset"
predator_prey,50,marginal_mixture,s,-10.211397570296928,0.14575047243719716,4,"between-design SE, four paired seeds at one dataset"
predator_prey,50,marginal_mixture,u,-12.860692067591108,0.36432046911362787,4,"between-design SE, four paired seeds at one dataset"
predator_prey,50,marginal_mixture,v,15.611879941610347,0.44726727397838545,4,"between-design SE, four paired seeds at one dataset"
predator_prey,50,covariance_only,log_likelihood,-240.32558606689548,0.07652594503412394,4,"between-design SE, four paired seeds at one dataset"
predator_prey,50,covariance_only,r,13.92515016628117,0.12755104984621873,4,"between-design SE, four paired seeds at one dataset"
predator_prey,50,covariance_only,K,3.4944489259577476,0.008096390654779169,4,"between-design SE, four paired seeds at one dataset"
predator_prey,50,covariance_only,a,0.07166339606117007,0.0010652727875181147,4,"between-design SE, four paired seeds at one dataset"
predator_prey,50,covariance_only,s,-10.358796899941654,0.12577928936963462,4,"between-design SE, four paired seeds at one dataset"
predator_prey,50,covariance_only,u,-13.579858132298117,0.2914048410114319,4,"between-design SE, four paired seeds at one dataset"
predator_prey,50,covariance_only,v,16.48633526844537,0.35626280295695,4,"between-design SE, four paired seeds at one dataset"
sir_d18,10,ancestor,log_likelihood,-600.4985010594112,37.08747408625461,4,"between-design SE, four paired seeds at one dataset"
sir_d18,10,ancestor,log_kappa_scale,-1683.94638856693,1553.8857515610541,4,"between-design SE, four paired seeds at one dataset"
sir_d18,10,ancestor,log_nu_scale,809.8687305819271,668.2910776404342,4,"between-design SE, four paired seeds at one dataset"
sir_d18,10,ancestor,log_observation_noise_scale,641.8544017833083,229.57659688110462,4,"between-design SE, four paired seeds at one dataset"
sir_d18,10,marginal_mixture,log_likelihood,-579.659131159214,25.883564020549976,4,"between-design SE, four paired seeds at one dataset"
sir_d18,10,marginal_mixture,log_kappa_scale,1198.8577482168564,1757.396904942861,4,"between-design SE, four paired seeds at one dataset"
sir_d18,10,marginal_mixture,log_nu_scale,-321.5237742713758,833.2149706504484,4,"between-design SE, four paired seeds at one dataset"
sir_d18,10,marginal_mixture,log_observation_noise_scale,313.4927978896783,586.8737603667805,4,"between-design SE, four paired seeds at one dataset"
sir_d18,10,covariance_only,log_likelihood,-663.9470498426284,9.666298836043547,4,"between-design SE, four paired seeds at one dataset"
sir_d18,10,covariance_only,log_kappa_scale,1699.9718860267374,1024.3229328319542,4,"between-design SE, four paired seeds at one dataset"
sir_d18,10,covariance_only,log_nu_scale,-627.5754127590604,489.1842943267444,4,"between-design SE, four paired seeds at one dataset"
sir_d18,10,covariance_only,log_observation_noise_scale,998.1031359626437,279.15135511293244,4,"between-design SE, four paired seeds at one dataset"
sir_d18,20,ancestor,log_likelihood,-942.7130468328634,36.65348354768887,4,"between-design SE, four paired seeds at one dataset"
sir_d18,20,ancestor,log_kappa_scale,-1621.8655328776908,1507.6212855453502,4,"between-design SE, four paired seeds at one dataset"
sir_d18,20,ancestor,log_nu_scale,746.6578171643237,641.5607381791442,4,"between-design SE, four paired seeds at one dataset"
sir_d18,20,ancestor,log_observation_noise_scale,658.4523992492556,227.29389915639345,4,"between-design SE, four paired seeds at one dataset"
sir_d18,20,marginal_mixture,log_likelihood,-921.0541898947113,25.895304904309203,4,"between-design SE, four paired seeds at one dataset"
sir_d18,20,marginal_mixture,log_kappa_scale,1046.563571992017,1779.0919806374282,4,"between-design SE, four paired seeds at one dataset"
sir_d18,20,marginal_mixture,log_nu_scale,-278.3900684748801,846.8057190171814,4,"between-design SE, four paired seeds at one dataset"
sir_d18,20,marginal_mixture,log_observation_noise_scale,337.3057208197832,580.1752246121372,4,"between-design SE, four paired seeds at one dataset"
sir_d18,20,covariance_only,log_likelihood,-1005.7521385111268,9.804046567446369,4,"between-design SE, four paired seeds at one dataset"
sir_d18,20,covariance_only,log_kappa_scale,1712.4707075531455,1049.3249303472153,4,"between-design SE, four paired seeds at one dataset"
sir_d18,20,covariance_only,log_nu_scale,-640.9156115108188,486.71117107643215,4,"between-design SE, four paired seeds at one dataset"
sir_d18,20,covariance_only,log_observation_noise_scale,1007.1502350009254,276.46146620230456,4,"between-design SE, four paired seeds at one dataset"
sir_d18,40,ancestor,log_likelihood,-1602.3713607890127,36.62242837537609,4,"between-design SE, four paired seeds at one dataset"
sir_d18,40,ancestor,log_kappa_scale,-1624.8970033692733,1508.6911657721214,4,"between-design SE, four paired seeds at one dataset"
sir_d18,40,ancestor,log_nu_scale,746.0302284329069,641.8996727823793,4,"between-design SE, four paired seeds at one dataset"
sir_d18,40,ancestor,log_observation_noise_scale,634.318356502287,227.31553950173088,4,"between-design SE, four paired seeds at one dataset"
sir_d18,40,marginal_mixture,log_likelihood,-1580.7250055531235,25.88653683767862,4,"between-design SE, four paired seeds at one dataset"
sir_d18,40,marginal_mixture,log_kappa_scale,998.2141406723163,1792.2099053329387,4,"between-design SE, four paired seeds at one dataset"
sir_d18,40,marginal_mixture,log_nu_scale,-264.65355457071064,851.5406417231311,4,"between-design SE, four paired seeds at one dataset"
sir_d18,40,marginal_mixture,log_observation_noise_scale,314.2646458339801,578.1982158283855,4,"between-design SE, four paired seeds at one dataset"
sir_d18,40,covariance_only,log_likelihood,-1665.4040181791863,9.844884183802202,4,"between-design SE, four paired seeds at one dataset"
sir_d18,40,covariance_only,log_kappa_scale,1708.8115272189111,1048.6115048674178,4,"between-design SE, four paired seeds at one dataset"
sir_d18,40,covariance_only,log_nu_scale,-641.0546190275071,486.40407435206487,4,"between-design SE, four paired seeds at one dataset"
sir_d18,40,covariance_only,log_observation_noise_scale,983.0998613889292,276.32253781078504,4,"between-design SE, four paired seeds at one dataset"
sir_d18,50,ancestor,log_likelihood,-1924.1995740044229,36.623412013262985,4,"between-design SE, four paired seeds at one dataset"
sir_d18,50,ancestor,log_kappa_scale,-1624.9050861966261,1508.6657228458007,4,"between-design SE, four paired seeds at one dataset"
sir_d18,50,ancestor,log_nu_scale,745.9273465446875,641.8905968673581,4,"between-design SE, four paired seeds at one dataset"
sir_d18,50,ancestor,log_observation_noise_scale,606.639078032897,227.31861335160096,4,"between-design SE, four paired seeds at one dataset"
sir_d18,50,marginal_mixture,log_likelihood,-1902.553778427435,25.897463937065098,4,"between-design SE, four paired seeds at one dataset"
sir_d18,50,marginal_mixture,log_kappa_scale,999.1855159231685,1792.0380229162595,4,"between-design SE, four paired seeds at one dataset"
sir_d18,50,marginal_mixture,log_nu_scale,-265.0635947178403,851.461882101719,4,"between-design SE, four paired seeds at one dataset"
sir_d18,50,marginal_mixture,log_observation_noise_scale,286.5113396839734,578.2797290212649,4,"between-design SE, four paired seeds at one dataset"
sir_d18,50,covariance_only,log_likelihood,-1987.2381029937992,9.857924826868686,4,"between-design SE, four paired seeds at one dataset"
sir_d18,50,covariance_only,log_kappa_scale,1708.7713621814073,1048.5966419788665,4,"between-design SE, four paired seeds at one dataset"
sir_d18,50,covariance_only,log_nu_scale,-641.1258016867829,486.4012504177408,4,"between-design SE, four paired seeds at one dataset"
sir_d18,50,covariance_only,log_observation_noise_scale,955.4942778371226,276.30805127758714,4,"between-design SE, four paired seeds at one dataset"
predator_prey,10,zhao_cui,r,11.574997121485566,0.040011312354551916,3,between-fit SE; conditional SE retained separately
predator_prey,10,zhao_cui,K,1.1494690446500189,0.00045324204412857294,3,between-fit SE; conditional SE retained separately
predator_prey,10,zhao_cui,a,0.02556478871079119,1.8977161421098268e-05,3,between-fit SE; conditional SE retained separately
predator_prey,10,zhao_cui,s,-2.200743766231918,0.0031789460776602383,3,between-fit SE; conditional SE retained separately
predator_prey,10,zhao_cui,u,-5.785477325609377,0.0016482958772189226,3,between-fit SE; conditional SE retained separately
predator_prey,10,zhao_cui,v,6.958958356911575,0.002163893332842066,3,between-fit SE; conditional SE retained separately
predator_prey,20,zhao_cui,r,11.79371082866994,0.037927836136768464,3,between-fit SE; conditional SE retained separately
predator_prey,20,zhao_cui,K,1.3972439858501378,0.0026452225884598395,3,between-fit SE; conditional SE retained separately
predator_prey,20,zhao_cui,a,0.037657707532603085,1.567033460154618e-05,3,between-fit SE; conditional SE retained separately
predator_prey,20,zhao_cui,s,-2.0059480709697883,0.004923400863953038,3,between-fit SE; conditional SE retained separately
predator_prey,20,zhao_cui,u,-9.279325773078714,0.001809723193229655,3,between-fit SE; conditional SE retained separately
predator_prey,20,zhao_cui,v,11.215728781589366,0.0024301187859937443,3,between-fit SE; conditional SE retained separately
predator_prey,40,zhao_cui,r,13.95160804296127,0.03538513172823082,3,between-fit SE; conditional SE retained separately
predator_prey,40,zhao_cui,K,4.079580147257901,0.003826773669054394,3,between-fit SE; conditional SE retained separately
predator_prey,40,zhao_cui,a,0.0650507206186013,4.848922531717446e-05,3,between-fit SE; conditional SE retained separately
predator_prey,40,zhao_cui,s,-11.526531536894776,0.007506518178627023,3,between-fit SE; conditional SE retained separately
predator_prey,40,zhao_cui,u,-11.075882958940193,0.007949804175028875,3,between-fit SE; conditional SE retained separately
predator_prey,40,zhao_cui,v,13.423027733259872,0.010156226221861749,3,between-fit SE; conditional SE retained separately
predator_prey,50,zhao_cui,r,13.92232936654949,0.01403764506214014,3,between-fit SE; conditional SE retained separately
predator_prey,50,zhao_cui,K,3.4813809957301856,0.005353621092487714,3,between-fit SE; conditional SE retained separately
predator_prey,50,zhao_cui,a,0.06899037746568253,5.586756045780961e-05,3,between-fit SE; conditional SE retained separately
predator_prey,50,zhao_cui,s,-10.271912610348929,0.009089454773134466,3,between-fit SE; conditional SE retained separately
predator_prey,50,zhao_cui,u,-12.874511338436733,0.0151434110646764,3,between-fit SE; conditional SE retained separately
predator_prey,50,zhao_cui,v,15.628926558343805,0.019078659704230456,3,between-fit SE; conditional SE retained separately
sir_d18,10,zhao_cui_rank20,log_kappa_scale,108.15945424538235,3.110599462659814,1,one fit: conditional path jackknife SE only; excludes fit/support/radius bias
sir_d18,10,zhao_cui_rank20,log_nu_scale,-39.349352665907496,1.2305627893378575,1,one fit: conditional path jackknife SE only; excludes fit/support/radius bias
sir_d18,10,zhao_cui_rank20,log_observation_noise_scale,9.042383732834894,0.03488497373835919,1,one fit: conditional path jackknife SE only; excludes fit/support/radius bias
sir_d18,20,zhao_cui_rank20,log_kappa_scale,108.12348281971204,3.877446082469781,1,one fit: conditional path jackknife SE only; excludes fit/support/radius bias
sir_d18,20,zhao_cui_rank20,log_nu_scale,-47.475584721128484,2.0667981034979652,1,one fit: conditional path jackknife SE only; excludes fit/support/radius bias
sir_d18,20,zhao_cui_rank20,log_observation_noise_scale,21.580916634082982,0.031915882902068,1,one fit: conditional path jackknife SE only; excludes fit/support/radius bias
sir_d18,40,zhao_cui_rank20,log_kappa_scale,103.67988346637054,4.36350833205827,1,one fit: conditional path jackknife SE only; excludes fit/support/radius bias
sir_d18,40,zhao_cui_rank20,log_nu_scale,-47.069724931851994,2.4054280330155704,1,one fit: conditional path jackknife SE only; excludes fit/support/radius bias
sir_d18,40,zhao_cui_rank20,log_observation_noise_scale,-2.642986996302517,0.043342621194983076,1,one fit: conditional path jackknife SE only; excludes fit/support/radius bias
sir_d18,50,zhao_cui_rank20,log_kappa_scale,108.59265116978807,5.156661465899634,1,one fit: conditional path jackknife SE only; excludes fit/support/radius bias
sir_d18,50,zhao_cui_rank20,log_nu_scale,-50.440332347873536,2.2067331004652613,1,one fit: conditional path jackknife SE only; excludes fit/support/radius bias
sir_d18,50,zhao_cui_rank20,log_observation_noise_scale,-30.384580685925467,0.04196548972343085,1,one fit: conditional path jackknife SE only; excludes fit/support/radius bias
predator_prey,10,zhao_cui,log_likelihood,-47.404361077275105,2.4671291769637164e-06,3,between-fit SE; conditional path SE in original-author-values.json
predator_prey,20,zhao_cui,log_likelihood,-93.90578777932345,2.6662785171101347e-06,3,between-fit SE; conditional path SE in original-author-values.json
predator_prey,40,zhao_cui,log_likelihood,-193.3022691782523,3.0231369434016852e-06,3,between-fit SE; conditional path SE in original-author-values.json
predator_prey,50,zhao_cui,log_likelihood,-240.23645468770908,7.636761032837187e-07,3,between-fit SE; conditional path SE in original-author-values.json
sir_d18,10,zhao_cui,log_likelihood,-345.65464215071177,0.00364127770272365,1,one fit: conditional path delta-method SE only; excludes proposal bias
sir_d18,10,zhao_cui_rank20,log_likelihood,-345.6622277335283,0.003908679334127744,1,one fit: conditional path delta-method SE only; excludes proposal bias
sir_d18,20,zhao_cui_rank20,log_likelihood,-687.6534566199721,0.004330851901989901,1,one fit: conditional path delta-method SE only; excludes proposal bias
sir_d18,40,zhao_cui_rank20,log_likelihood,-1347.2405531733743,0.006096796607395423,1,one fit: conditional path delta-method SE only; excludes proposal bias
sir_d18,50,zhao_cui_rank20,log_likelihood,-1669.0939174945165,0.004940574610306651,1,one fit: conditional path delta-method SE only; excludes proposal bias
