method,T,data,selected_arm,n,old_log_error,new_log_error,old_score_error,new_score_error,score_change,score_ci_low,score_ci_high,log_error_percent_change,score_error_percent_change
IID,10,243001,steps8,8,0.1640989995302986,0.07541346179576003,0.271654513255831,0.1261820133417739,-0.1454724999140571,-0.20201409678030433,-0.08620034541132057,-54.04392347813432,-53.55055514099196
Inverse CDF,10,243001,epsilon25,8,0.09621990721123685,0.008631289644986495,0.3144366559651703,0.05917383442496697,-0.25526282154020336,-0.28004103470999203,-0.232048883130408,-91.02962173301856,-81.18099995583162
Permutation,10,243001,epsilon25,8,0.09626749761223419,0.009517378606418436,0.3152932351712718,0.05770653825783671,-0.25758669691343505,-0.2817429446397327,-0.2343432192018714,-90.11361171477161,-81.6975019376836
Permutation ablation,10,243001,epsilon25,8,0.09668699896277033,0.009517378606418436,0.3164451265495721,0.05770653825783671,-0.25873858829173535,-0.2838608913995576,-0.23486532060413368,-90.15650634674974,-81.7641248304082
IID,10,243002,steps8,8,0.12128744963502669,0.05659451393705295,0.2133586842494267,0.062399619652973054,-0.15095906459645364,-0.1845258476057391,-0.12281351913067697,-53.33852421882488,-70.7536537017519
Inverse CDF,10,243002,epsilon25,8,0.09535995629993899,0.018268214885223344,0.16841980179536573,0.03011479097536753,-0.13830501081999821,-0.1517080183296265,-0.1245100724316749,-80.84288668530458,-82.11921006060929
Permutation,10,243002,epsilon25,8,0.09575079446236767,0.01989763443135928,0.1681335277834246,0.03078317382442331,-0.1373503539590013,-0.1505726089735695,-0.12389724393714369,-79.21935317290811,-81.69123420518744
Permutation ablation,10,243002,epsilon25,8,0.09643027949772431,0.01989763443135928,0.16901146836043918,0.03078317382442331,-0.13822829453601584,-0.1515956604002636,-0.12432352502246653,-79.36578164555786,-81.78634022705835
IID,120,243001,epsilon25,8,0.61388203662829,0.34470658194642567,0.34559835706170394,0.22458204751289124,-0.1210163095488127,-0.26537459913314354,0.04425205316022815,-43.848074812596614,-35.01645973600683
Inverse CDF,120,243001,steps8,8,0.5368563684308256,0.1631869894738074,0.32963907267997106,0.1444555642569521,-0.18518350842301895,-0.2913559649548744,-0.08459269409381753,-69.60323113036999,-56.177657253272194
Permutation,120,243001,steps8,8,0.535647772793979,0.16985106541424244,0.3290052545410479,0.14606818881289785,-0.18293706572815002,-0.2900230034155555,-0.08072249339487925,-68.29053082246818,-55.60308329523234
Permutation ablation,120,243001,steps8,8,0.5363664220272497,0.16985106541424244,0.33371293031860877,0.14606818881289785,-0.1876447415057109,-0.3038138542201941,-0.08210036263738407,-68.33301667686922,-56.22938893214571
IID,120,243002,epsilon25,8,0.3057871333179918,0.47746777725193823,0.6513894762465552,0.24413325768802047,-0.40725621855853467,-0.5897609826899606,-0.2062422677001086,56.143841655827174,-62.52115414962363
Inverse CDF,120,243002,steps8,8,0.12531764334494966,0.21364324494651754,0.6818106300180126,0.14609295057881272,-0.5357176794391999,-0.6543042032763264,-0.39930430938644645,70.48137775655627,-78.57279658796855
Permutation,120,243002,steps8,8,0.12543369379994118,0.21889336489434186,0.6723891532390944,0.14149797332371358,-0.5308911799153809,-0.6414908754340735,-0.39688942941044436,74.50922336980919,-78.95594052312167
Permutation ablation,120,243002,steps8,8,0.12476732772406507,0.21889336489434186,0.692296467517606,0.14149797332371358,-0.5507984941938924,-0.6699989923779301,-0.4115480653036048,75.4412544431869,-79.56107246493858
