model,method,figure,time,q25,median,q75
sir,rank40,15,1,0.9961285095988825,0.9962482487327879,0.9963280782278987
sir,rank40,15,2,0.9847934467371784,0.9855118713230893,0.9865096735980843
sir,rank40,15,3,0.9007782826581521,0.908840550788266,0.9179405308321693
sir,rank40,15,4,0.871402908481341,0.8866094515266414,0.8940730342047496
sir,rank40,15,5,0.794651758451407,0.8178806599880264,0.8383157028936341
sir,rank40,15,6,0.7434045024146878,0.7845539761325087,0.7927359731790062
sir,rank40,15,7,0.7348233885452007,0.7533825558172023,0.7682698013171023
sir,rank40,15,8,0.7063659871482739,0.7266413812811814,0.7537816726401916
sir,rank40,15,9,0.6977050437836759,0.7335861080023947,0.7429654759529036
sir,rank40,15,10,0.7187387721412892,0.7381760127719019,0.7462781803232887
sir,rank40,15,11,0.7272400667331871,0.7435242415485932,0.7501496707244064
sir,rank40,15,12,0.7196966647774896,0.7376172369586909,0.7561764042306927
sir,rank40,15,13,0.711953694192776,0.736220307643185,0.7463181001796049
sir,rank40,15,14,0.6383955298343644,0.7063260775094793,0.7250448935541809
sir,rank40,15,15,0.6486928705647577,0.7013370559169827,0.7293554104170825
sir,rank40,15,16,0.6835362126521654,0.7215326205547796,0.7433246831370985
sir,rank40,15,17,0.6969467095589703,0.7154659671921773,0.7335062785072841
sir,rank40,15,18,0.6910397049690681,0.7052484457393735,0.7212133230093793
sir,rank40,15,19,0.6970664486928757,0.7121532628217921,0.7363400467770904
sir,rank40,15,20,0.6779485056076632,0.6933546172819797,0.7224106939133905
sir,rank20,15,1,0.9932149220514868,0.9940131659149871,0.9942526441827979
sir,rank20,15,2,0.9776491718219917,0.9790061812811814,0.9803232811015765
sir,rank20,15,3,0.8463779608062263,0.8657752917980444,0.8731989546198364
sir,rank20,15,4,0.7610057872680105,0.8152464501297148,0.8316902737178209
sir,rank20,15,5,0.6441029657952504,0.6979844316902815,0.7273997155058871
sir,rank20,15,6,0.5942526390740371,0.6284573860706446,0.668489318379565
sir,rank20,15,7,0.5996806973458392,0.6181999549790462,0.657952499381361
sir,rank20,15,8,0.4919976052684095,0.5959688659349431,0.634005183476352
sir,rank20,15,9,0.565555769626821,0.62674116942726,0.6452604270604669
sir,rank20,15,10,0.5764518060267412,0.6146876819796449,0.6306924688884454
sir,rank20,15,11,0.5379764518060268,0.6162442600678508,0.6391538538415487
sir,rank20,15,12,0.5472360806226302,0.6144482139293554,0.6243464378367591
sir,rank20,15,13,0.5378168030333267,0.589383356615446,0.6167232063859509
sir,rank20,15,14,0.5095589702654162,0.5746956695270405,0.6075433968469368
sir,rank20,15,15,0.5195370134504091,0.5901816004789464,0.6205148672919578
sir,rank20,15,16,0.549431243584115,0.5756136423069248,0.597206146477749
sir,rank20,15,17,0.5337058445819198,0.5718219916184395,0.6024346361205348
sir,rank20,15,18,0.5506685241269208,0.6061065578926362,0.6189183795649571
sir,rank20,15,19,0.5535022923967272,0.5855916957094393,0.6098183995210538
sir,rank20,15,20,0.5341847909000199,0.5784474105767312,0.6059469091199362
sir,rank10,15,1,0.9605268332867691,0.9619636722410696,0.963161043145081
sir,rank10,15,2,0.8908002394731591,0.894352422111355,0.8977449559768511
sir,rank10,15,3,0.673757727878667,0.6789862277389742,0.6889243612851726
sir,rank10,15,4,0.4949511024545999,0.5392935516264219,0.5609658750748354
sir,rank10,15,5,0.3283176933945321,0.4060267360606666,0.4724406255038915
sir,rank10,15,6,0.29064058303731793,0.3234085012971463,0.35006984633805627
sir,rank10,15,7,0.2470564680902016,0.2997405630812213,0.31275194316503696
sir,rank10,15,8,0.20139691909798446,0.26888844031131515,0.31901815493913394
sir,rank10,15,9,0.1124725527040511,0.2713230815406107,0.2885252393534225
sir,rank10,15,10,0.14811414887248056,0.23476351259229697,0.2734783450808222
sir,rank10,15,11,0.16228296978646978,0.2168429404110956,0.24617840494911197
sir,rank10,15,12,0.19034124414288567,0.22011574536020756,0.2653362576731192
sir,rank10,15,13,0.1695869036918779,0.19177808309718622,0.24322489754540016
sir,rank10,15,14,0.16651366737178208,0.2208341597285971,0.23859508313709843
sir,rank10,15,15,0.1458391461983636,0.19002194659748556,0.20754340195569748
sir,rank10,15,16,0.14579923655956897,0.16667331614448216,0.21225303564158854
sir,rank10,15,17,0.11857912592296947,0.17657154005188586,0.20403112895629616
sir,rank10,15,18,0.14947115833167035,0.19269606609459192,0.22745958890441031
sir,rank10,15,19,0.1091997579724606,0.17884653250848137,0.19980043137098386
sir,rank10,15,20,0.10009977792855718,0.15402115346238276,0.2217920523647975
pp,nonlinear,17,1,0.9996407928158052,0.9997206120933946,0.9997605217321892
pp,nonlinear,17,2,0.9993214952704051,0.9994013145479944,0.9994811440431052
pp,nonlinear,17,3,0.9985232514069048,0.9987228098183996,0.9988824585910996
pp,nonlinear,17,4,0.993015363639992,0.9937736978646977,0.9946916808621034
pp,nonlinear,17,5,0.9827579325483935,0.9856715200957893,0.9866294127319897
pp,nonlinear,17,6,0.9653163066852923,0.9711035721412892,0.9740570693274796
pp,nonlinear,17,7,0.9469966074635802,0.9569746506485731,0.9630812238674915
pp,nonlinear,17,8,0.8689283576132508,0.9186988650568748,0.9306326031530633
pp,nonlinear,17,9,0.7951307149870286,0.8592696017561365,0.8868888394332469
pp,nonlinear,17,10,0.7460786219117941,0.807064453083217,0.8453402488924366
pp,linear,17,1,0.9996008729594892,0.9996807024545998,0.9997206120933946
pp,linear,17,2,0.9969666733186988,0.9977649171821992,0.9980842147275992
pp,linear,17,3,0.9806824985032928,0.9893833515066853,0.9919377318698862
pp,linear,17,4,0.7660347184993016,0.8852125324286569,0.9000199586509678
pp,linear,17,5,0.6049890267012572,0.7318698811414888,0.7874675738974256
pp,linear,17,6,0.5656755087607264,0.676631405787268,0.736100578726801
pp,linear,17,7,0.2896028711235282,0.4078627020554779,0.5068449411295151
pp,linear,17,8,0.25907004589902216,0.3916184368788665,0.466054674595889
pp,linear,17,9,0.1099980018359609,0.21500698463380563,0.3163839552983436
pp,linear,17,10,0.1383755737377769,0.3124326456196368,0.4019956071043704
